complaint_id,customer_id,part_id,job_id,quantity,defect_code,received_date,ppm_impact_recorded,containment_cost,sorting_hours,credit_issued,returned_quantity,return_freight_cost,status,export_batch_id
CC-24-001,CU-016,P-12023-C,,5,D13,2024-01-21,,2429.07,10.9,6852.71,2640,848.7,closed,20260106T061500Z-QE24M
CC-24-002,CU-038,P-14587-C,L23-1252,18,D11,2024-01-26,,413.34,33.2,11197.91,18,3739.58,closed,20260106T061500Z-QE24M
CC-24-003,CU-021,P-12040-C,L23-1316,1,D13,2024-02-24,1190.0,4878.13,20.2,35485.67,830,1280.37,closed,20260106T061500Z-QE24M
CC-24-004,CU-010,P-14992-A,L24-0029,6,D09,2024-03-06,4070.0,3322.02,6.1,2714.28,1730,2245.61,closed,20260106T061500Z-QE24M
CC-24-005,CU-009,P-14952-A,L24-0018,10,D01,2024-03-12,8530.0,4072.84,28.5,2100.48,1350,2694.24,closed,20260106T061500Z-QE24M
CC-24-006,CU-031,P-12565-B,L23-1264,3,D10,2024-03-13,2370.0,2632.47,8.9,22173.02,3,2203.48,closed,20260106T061500Z-QE24M
CC-24-007,CU-007,P-18384-C,L24-0053,17,D13,2024-03-15,13870.0,6855.74,5.1,9958.28,1080,3217.4,closed,20260106T061500Z-QE24M
CC-24-008,CU-045,P-19209-C,L23-1346,31,D11,2024-03-23,80830.0,2201.48,18.8,3130.06,325,1854.08,closed,20260106T061500Z-QE24M
CC-24-009,CU-036,P-19449-A,L23-1379,29,D09,2024-03-29,,3525.75,6.5,3891.46,29,4598.97,closed,20260106T061500Z-QE24M
CC-24-010,CU-021,P-12040-C,L23-0860,2,D03,2024-04-09,1950.0,4275.03,7.1,9251.03,2,3673.8,closed,20260106T061500Z-QE24M
CC-24-011,CU-008,P-12868-D,L24-0079,32,D11,2024-04-14,49950.0,2711.05,14.5,13129.74,32,2010.28,closed,20260106T061500Z-QE24M
CC-24-012,CU-009,P-14918-A,L24-0285,3,D06,2024-05-05,1430.0,2071.8,10.8,11489.53,3,1314.76,closed,20260106T061500Z-QE24M
CC-24-013,CU-020,P-14855-D,L23-1390,4,D01,2024-05-08,,1229.73,34.0,5251.53,4,1231.35,closed,20260106T061500Z-QE24M
CC-24-014,CU-017,P-17046-A,L24-0294,2,D01,2024-05-18,4150.0,8759.37,47.4,2584.19,575,1138.32,closed,20260106T061500Z-QE24M
CC-24-015,CU-017,P-17046-A,L24-0294,2,D01,2024-05-21,,,,,0,,closed,20260106T061500Z-QE24M
CC-24-016,CU-022,P-17644-A,L24-0313,2,D06,2024-05-26,3420.0,1281.62,8.0,2202.12,570,4117.8,closed,20260106T061500Z-QE24M
CC-24-017,CU-009,P-11226-C,L24-0384,7,D01,2024-05-26,4690.0,7766.25,14.9,8732.02,1655,3054.26,closed,20260106T061500Z-QE24M
CC-24-018,CU-029,P-15861-B,L24-0303,2,D13,2024-06-01,580.0,2047.5,4.1,18570.85,3780,3082.35,closed,20260106T061500Z-QE24M
CC-24-019,CU-011,P-13369-A,L24-0130,9,D12,2024-06-04,11230.0,1680.23,16.3,12825.36,9,6857.66,closed,20260106T061500Z-QE24M
CC-24-020,CU-039,P-14524-A,L24-0300,108,D13,2024-06-05,35300.0,4643.14,8.1,4724.77,108,2458.07,closed,20260106T061500Z-QE24M
CC-24-021,CU-011,P-13447-D,L24-0338,7,D12,2024-06-08,7660.0,885.62,15.1,5790.87,1090,2191.03,closed,20260106T061500Z-QE24M
CC-24-022,CU-041,P-18508-A,L24-0327,9,D02,2024-06-10,,1830.18,27.3,12203.68,745,1206.79,closed,20260106T061500Z-QE24M
CC-24-023,CU-005,P-16451-A,L23-1061,3,D01,2024-06-12,,1002.05,19.6,3461.01,3,1151.03,closed,20260106T061500Z-QE24M
CC-24-024,CU-003,P-12338-A,L24-0415,12,D07,2024-06-23,8690.0,3730.46,2.3,15303.15,1415,2332.64,closed,20260106T061500Z-QE24M
CC-24-025,CU-004,P-10599-C,L24-0451,15,D02,2024-06-23,,6284.76,22.0,14539.23,15,1027.79,closed,20260106T061500Z-QE24M
CC-24-026,CU-012,P-13317-A,L24-0315,9,D13,2024-07-11,9370.0,4027.59,24.2,9812.19,9,3880.55,closed,20260106T061500Z-QE24M
CC-24-027,CU-001,P-14168-B,L24-0399,23,D01,2024-07-23,,2405.54,11.3,7976.62,960,1605.5,closed,20260106T061500Z-QE24M
CC-24-028,CU-041,P-16180-A,L24-0526,4,D07,2024-08-03,4900.0,1781.79,12.0,11219.67,855,1270.32,closed,20260106T061500Z-QE24M
CC-24-029,CU-009,P-14918-A,L24-0608,5,D06,2024-08-09,3070.0,2508.17,21.1,3889.96,1615,2286.37,closed,20260106T061500Z-QE24M
CC-24-030,CU-009,P-14918-A,L24-0608,5,D06,2024-08-10,,,,,0,,closed,20260106T061500Z-QE24M
CC-24-031,CU-036,P-15489-A,L24-0530,100,D11,2024-08-14,96960.0,2687.45,10.0,11816.45,1100,606.09,closed,20260106T061500Z-QE24M
CC-24-032,CU-002,P-10184-A,L23-0386,9,D07,2024-08-21,15200.0,4413.38,16.2,6394.36,9,2038.82,closed,20260106T061500Z-QE24M
CC-24-033,CU-009,P-14952-A,L24-0575,8,D12,2024-08-23,,3087.17,18.9,7300.84,8,1687.43,closed,20260106T061500Z-QE24M
CC-24-034,CU-042,P-11099-A,L24-0648,40,D09,2024-08-27,106530.0,1963.41,19.3,9355.03,40,919.61,closed,20260106T061500Z-QE24M
CC-24-035,CU-017,P-17116-A,L24-0620,6,D02,2024-09-12,3720.0,3911.58,22.2,24024.06,6,2125.6,closed,20260106T061500Z-QE24M
CC-24-036,CU-002,P-10327-A,L24-0637,4,D09,2024-09-13,,2796.69,13.5,23137.96,750,2874.57,closed,20260106T061500Z-QE24M
CC-24-037,CU-035,P-15298-A,L24-0747,18,D02,2024-09-17,35830.0,1308.01,6.8,6146.24,540,1906.2,closed,20260106T061500Z-QE24M
CC-24-038,CU-010,P-14966-D,L24-0745,6,D12,2024-10-09,3860.0,2946.41,5.0,8593.23,6,1531.31,closed,20260106T061500Z-QE24M
CC-24-039,CU-009,P-14918-A,L24-0755,7,D12,2024-10-10,5130.0,2176.98,12.7,4214.78,1560,1376.66,closed,20260106T061500Z-QE24M
CC-24-040,CU-041,P-16229-A,L24-0874,17,D01,2024-10-24,5490.0,1133.85,9.7,4648.47,17,2113.55,closed,20260106T061500Z-QE24M
CC-24-041,CU-021,P-17741-A,L24-0926,8,D12,2024-11-12,,4247.08,10.7,7768.25,8,2056.43,closed,20260106T061500Z-QE24M
CC-24-042,CU-027,P-11437-B,L24-0917,6,D01,2024-11-24,20950.0,1361.15,9.0,7637.8,6,4684.96,closed,20260106T061500Z-QE24M
CC-24-043,CU-010,P-14992-A,L24-0902,15,D12,2024-12-17,11300.0,1508.64,15.7,5676.85,1615,4948.57,closed,20260106T061500Z-QE24M
CC-24-044,CU-016,P-11930-A,L23-0378,24,D03,2024-12-28,39530.0,1730.66,42.0,6854.94,615,2755.11,closed,20260106T061500Z-QE24M
CC-25-001,CU-023,P-13842-D,L24-1114,5,D13,2025-01-04,,1195.15,8.5,16575.83,5,2529.96,closed,20260106T061500Z-QE24M
CC-25-002,CU-007,P-16596-C,,41,D02,2025-01-18,98970.0,1169.67,8.6,35358.62,41,1382.04,closed,20260106T061500Z-QE24M
CC-25-003,CU-007,P-16596-C,,41,D02,2025-01-23,,,,,0,,closed,20260106T061500Z-QE24M
CC-25-004,CU-045,P-19165-D,L24-1195,22,D08,2025-02-06,40840.0,5273.4,11.6,12543.88,22,763.11,closed,20260106T061500Z-QE24M
CC-25-005,CU-007,P-18269-B,L24-1155,12,D07,2025-02-08,,1385.53,14.2,5467.46,925,3304.49,closed,20260106T061500Z-QE24M
CC-25-006,CU-011,P-13369-A,,53,D01,2025-03-11,61430.0,527.89,26.2,5077.38,53,2657.73,closed,20260106T061500Z-QE24M
CC-25-007,CU-042,P-16263-A,L25-0086,6,D11,2025-03-14,3240.0,1576.07,7.8,1505.72,6,2478.29,closed,20260106T061500Z-QE24M
CC-25-008,CU-041,P-11072-B,L25-0099,4,D06,2025-03-15,,2375.16,10.5,3080.85,520,2378.66,closed,20260106T061500Z-QE24M
CC-25-009,CU-028,P-11441-A,L23-0908,2,D07,2025-04-22,1970.0,2626.3,35.0,9118.24,1025,1463.95,closed,20260106T061500Z-QE24M
CC-25-010,CU-012,P-13380-B,L25-0185,4,D12,2025-05-03,4960.0,3468.89,7.2,21360.54,4,1847.25,closed,20260106T061500Z-QE24M
CC-25-011,CU-031,P-12565-B,L25-0227,2,D01,2025-05-06,1010.0,5838.95,17.4,4485.75,1695,1092.74,closed,20260106T061500Z-QE24M
CC-25-012,CU-031,P-12594-C,,9,D03,2025-05-07,14880.0,3297.95,22.9,7562.43,9,3365.15,closed,20260106T061500Z-QE24M
CC-25-013,CU-035,P-19027-C,L25-0291,6,D13,2025-05-11,,3783.43,4.6,3316.93,6,1763.17,closed,20260106T061500Z-QE24M
CC-25-014,CU-035,P-15532-C,L25-0245,12,D13,2025-05-13,5640.0,4777.9,15.5,8452.16,2295,1250.86,closed,20260106T061500Z-QE24M
CC-25-015,CU-029,P-17974-C,L25-0203,3,D11,2025-05-17,870.0,5352.29,31.8,4976.9,3760,5483.28,closed,20260106T061500Z-QE24M
CC-25-016,CU-012,P-13502-C,L25-0247,20,D01,2025-05-18,,1039.8,25.6,17312.88,20,3501.97,closed,20260106T061500Z-QE24M
CC-25-017,CU-009,P-14952-A,,4,D01,2025-05-31,,1874.04,17.0,6072.19,4,1795.21,closed,20260106T061500Z-QE24M
CC-25-018,CU-009,P-14989-D,L25-0285,11,D12,2025-06-02,7710.0,1627.56,13.2,47337.7,1360,1947.94,closed,20260106T061500Z-QE24M
CC-25-019,CU-009,P-11265-A,L25-0400,2,D12,2025-06-12,,2549.89,12.9,20465.97,1185,1560.75,closed,20260106T061500Z-QE24M
CC-25-020,CU-027,P-11449-A,L25-0408,2,D02,2025-06-23,,3020.05,11.0,13736.33,1165,3746.0,closed,20260106T061500Z-QE24M
CC-25-021,CU-010,P-14992-A,L25-0307,29,D09,2025-06-24,,1981.16,16.7,26743.42,1540,4097.83,closed,20260106T061500Z-QE24M
CC-25-022,CU-028,P-11584-A,,10,D12,2025-06-29,5900.0,2810.91,6.0,3623.0,1745,2895.42,closed,20260106T061500Z-QE24M
CC-25-023,CU-019,P-14773-A,L25-0464,2,D13,2025-06-29,2080.0,5656.55,13.5,3975.98,975,2559.96,closed,20260106T061500Z-QE24M
CC-25-024,CU-028,P-11584-A,,10,D12,2025-06-30,,,,,0,,closed,20260106T061500Z-QE24M
CC-25-025,CU-007,P-16715-A,L25-0490,10,D02,2025-07-22,,3136.94,10.1,18808.98,1255,2609.96,closed,20260106T061500Z-QE24M
CC-25-026,CU-042,P-10989-A,L25-0539,8,D13,2025-08-12,,771.3,9.3,5176.99,685,3576.26,closed,20260106T061500Z-QE24M
CC-25-027,CU-011,P-13321-A,L25-0548,3,D12,2025-08-18,4090.0,2304.43,53.0,4379.03,820,1672.87,closed,20260106T061500Z-QE24M
CC-25-028,CU-022,P-13669-A,L25-0610,14,D01,2025-08-22,,2475.92,5.7,2883.23,14,2795.26,closed,20260106T061500Z-QE24M
CC-25-029,CU-001,P-10212-A,L23-0890,6,D11,2025-09-22,,2200.02,30.8,15741.49,690,4508.74,closed,20260106T061500Z-QE24M
CC-25-030,CU-033,P-17004-D,L25-0619,1,D05,2025-09-27,1060.0,1461.52,7.4,14318.64,1,4354.45,closed,20260106T061500Z-QE24M
CC-25-031,CU-042,P-16219-B,L25-0679,38,D10,2025-10-06,,2877.04,6.4,10748.7,1210,2962.98,closed,20260106T061500Z-QE24M
CC-25-032,CU-010,P-14966-D,L23-0643,13,D04,2025-10-19,,1551.59,37.3,29002.45,13,1911.7,closed,20260106T061500Z-QE24M
CC-25-033,CU-008,P-12868-D,L25-0860,23,D07,2025-10-21,34050.0,2266.24,19.9,7175.87,23,1729.48,closed,20260106T061500Z-QE24M
CC-25-034,CU-008,P-16571-D,,20,D02,2025-11-12,,4909.29,18.0,6503.83,20,1813.65,closed,20260106T061500Z-QE24M
CC-25-035,CU-037,P-18023-B,L25-0834,8,D12,2025-11-16,15490.0,2121.59,12.4,16406.05,580,2384.38,closed,20260106T061500Z-QE24M
CC-25-036,CU-007,P-12988-A,L25-0899,6,D10,2025-11-26,7520.0,15386.49,24.7,8188.36,740,1425.1,closed,20260106T061500Z-QE24M
CC-25-037,CU-021,P-12144-A,,7,D03,2025-11-27,7510.0,1912.09,9.0,6694.58,770,1631.45,closed,20260106T061500Z-QE24M
CC-25-038,CU-007,P-12988-A,L25-0899,6,D10,2025-11-29,,,,,0,,closed,20260106T061500Z-QE24M
CC-25-039,CU-041,P-10869-D,L23-0945,24,D13,2025-11-30,10080.0,3239.69,9.5,10846.02,1925,6529.06,closed,20260106T061500Z-QE24M
CC-25-040,CU-020,P-14719-A,L25-1088,3,D11,2025-12-26,2650.0,3477.87,18.4,6934.3,3,865.24,closed,20260106T061500Z-QE24M
