export_batch_id,exported_at,source_system,table_name,rows
20260106T061500Z-QE24M,2026-01-06 06:15:00,qms,audit_findings,90
20260106T061500Z-QE24M,2026-01-06 06:15:00,qms,capa,60
20260106T061500Z-QE24M,2026-01-06 06:15:00,qms,capability_reports,877
20260106T061500Z-QE24M,2026-01-06 06:15:00,qms,characteristics,2400
20260106T061500Z-QE24M,2026-01-06 06:15:00,qms,complaints,80
20260106T061500Z-QE24M,2026-01-06 06:15:00,qms,final_inspection,2424
20260106T061500Z-QE24M,2026-01-06 06:15:00,qms,ncrs,709
20260106T061500Z-QE24M,2026-01-06 06:15:00,qms,receiving_inspection,4704
20260106T061500Z-QE24M,2026-01-06 06:15:00,qms,spc_subgroups,187868
20260106T061500Z-QE24M,2026-01-06 06:15:00,qms,suppliers,60
