supplier_id,supplier_name,commodity,approved_status,approval_date,lots_per_year,scorecard_lot_acceptance_pct,scorecard_on_time_pct,scorecard_rank_as_published,export_batch_id
S-001,Alder Steel,bar,approved,2017-08-13,23,95.6,80.0,51,20260106T061500Z-QE24M
S-002,Bexley Metals,bar,approved,2021-11-24,54,98.1,77.6,35,20260106T061500Z-QE24M
S-003,Carrow Alloys,bar,approved,2020-08-24,74,98.6,90.5,32,20260106T061500Z-QE24M
S-004,Dovetail Steel,bar,approved,2014-01-23,72,100.0,96.5,8,20260106T061500Z-QE24M
S-005,Eastlake Metals,bar,approved,2017-11-10,61,99.2,84.3,28,20260106T061500Z-QE24M
S-006,Fenwick Alloys,bar,approved,2021-05-21,29,96.6,89.7,47,20260106T061500Z-QE24M
S-007,Garrison Steel,bar,approved,2019-04-27,32,96.9,96.9,45,20260106T061500Z-QE24M
S-008,Holloway Metals,bar,approved,2022-11-21,59,94.9,96.6,52,20260106T061500Z-QE24M
S-009,Inwood Alloys,bar,approved,2013-01-07,35,100.0,91.3,12,20260106T061500Z-QE24M
S-010,Juniper Steel,bar,approved,2009-02-11,35,97.1,91.4,42,20260106T061500Z-QE24M
S-011,Kingsley Metals,bar,approved,2015-04-07,23,97.8,86.7,40,20260106T061500Z-QE24M
S-012,Larkin Alloys,bar,approved,2014-04-04,23,100.0,89.1,15,20260106T061500Z-QE24M
S-013,Millrace Steel,bar,approved,2012-07-25,35,98.6,91.4,33,20260106T061500Z-QE24M
S-014,Norcross Metals,bar,approved,2017-02-01,26,98.1,98.1,37,20260106T061500Z-QE24M
S-015,Oakhurst Plating,plating,approved,2012-10-01,26,98.0,80.4,38,20260106T061500Z-QE24M
S-016,Pemberton Plating,plating,approved,2018-05-01,39,92.2,75.3,55,20260106T061500Z-QE24M
S-017,Quarry Plating,plating,approved,2019-10-02,97,92.8,90.7,54,20260106T061500Z-QE24M
S-018,Redfield Plating,plating,approved,2012-11-26,71,100.0,84.5,18,20260106T061500Z-QE24M
S-019,Stanton Plating,plating,approved,2011-12-15,11,100.0,90.5,13,20260106T061500Z-QE24M
S-020,Thornbury Plating,plating,approved,2011-04-11,61,99.2,99.2,27,20260106T061500Z-QE24M
S-021,Underhill Plating,plating,approved,2018-07-17,22,100.0,97.7,5,20260106T061500Z-QE24M
S-022,Varden Plating,plating,approved,2016-12-01,50,99.0,98.0,29,20260106T061500Z-QE24M
S-023,Wexford Plating,plating,approved,2013-12-16,66,100.0,97.7,6,20260106T061500Z-QE24M
S-024,Yarrow Plating,plating,approved,2022-10-23,15,100.0,90.0,14,20260106T061500Z-QE24M
S-025,Ashby Plating,plating,approved,2008-02-03,61,98.3,89.3,34,20260106T061500Z-QE24M
S-026,Brantley Plating,plating,approved,2021-12-25,53,98.1,81.0,36,20260106T061500Z-QE24M
S-027,Colby Heat Treating,heat treat,approved,2008-02-18,45,94.4,84.3,53,20260106T061500Z-QE24M
S-028,Delmar Heat Treating,heat treat,approved,2013-11-20,8,100.0,81.2,22,20260106T061500Z-QE24M
S-029,Elston Heat Treating,heat treat,approved,2008-01-25,23,100.0,93.3,11,20260106T061500Z-QE24M
S-030,Farley Heat Treating,heat treat,approved,2013-09-21,49,85.6,89.7,56,20260106T061500Z-QE24M
S-031,Glenrock Heat Treating,heat treat,approved,2010-09-27,35,97.1,87.1,43,20260106T061500Z-QE24M
S-032,Hadley Heat Treating,heat treat,approved,2018-08-16,17,100.0,93.9,9,20260106T061500Z-QE24M
S-033,Ivers Heat Treating,heat treat,approved,2013-11-23,122,100.0,98.4,3,20260106T061500Z-QE24M
S-034,Kelton Heat Treating,heat treat,approved,2011-04-08,41,97.6,80.5,41,20260106T061500Z-QE24M
S-035,Lowry Heat Treating,heat treat,approved,2020-01-14,17,100.0,73.5,24,20260106T061500Z-QE24M
S-036,Marsden Heat Treating,heat treat,approved,2012-02-24,94,98.9,86.7,30,20260106T061500Z-QE24M
S-037,Nettle Metal Finishing,passivation,approved,2010-10-13,40,96.2,97.5,48,20260106T061500Z-QE24M
S-038,Orchard Metal Finishing,passivation,approved,2011-05-15,34,97.0,88.1,44,20260106T061500Z-QE24M
S-039,Penrose Metal Finishing,passivation,approved,2021-12-05,94,97.9,70.2,39,20260106T061500Z-QE24M
S-040,Rowan Metal Finishing,passivation,approved,2019-06-16,108,96.7,91.6,46,20260106T061500Z-QE24M
S-041,Selby Metal Finishing,passivation,approved,2017-10-11,35,84.1,97.1,57,20260106T061500Z-QE24M
S-042,Tolland Metal Finishing,passivation,approved,2017-02-05,73,99.3,93.8,26,20260106T061500Z-QE24M
S-043,Upton Metal Finishing,passivation,approved,2009-02-08,47,95.7,72.0,50,20260106T061500Z-QE24M
S-044,Vickers Metal Finishing,passivation,approved,2016-01-19,106,99.5,87.3,25,20260106T061500Z-QE24M
S-045,Wainwright Anodizing,anodizing,approved,2012-11-20,36,95.8,87.3,49,20260106T061500Z-QE24M
S-046,Arden Anodizing,anodizing,approved,2022-02-14,17,100.0,85.3,17,20260106T061500Z-QE24M
S-047,Birch Anodizing,anodizing,approved,2008-06-03,11,100.0,81.8,20,20260106T061500Z-QE24M
S-048,Cresswell Anodizing,anodizing,approved,2018-12-27,50,100.0,93.9,10,20260106T061500Z-QE24M
S-049,Drayton Anodizing,anodizing,approved,2022-09-10,6,100.0,100.0,1,20260106T061500Z-QE24M
S-050,Emmett Anodizing,anodizing,approved,2019-11-25,18,100.0,97.1,7,20260106T061500Z-QE24M
S-051,Foxhall Castings,castings,approved,2012-11-06,134,98.9,85.8,31,20260106T061500Z-QE24M
S-052,Granby Foundry,castings,approved,2012-06-27,4,100.0,75.0,23,20260106T061500Z-QE24M
S-053,Hollis Castings,castings,approved,2020-03-18,23,82.2,100.0,58,20260106T061500Z-QE24M
S-054,Kirkland Foundry,castings,approved,2014-01-25,11,100.0,81.8,21,20260106T061500Z-QE24M
S-055,Lyndon Castings,castings,approved,2016-04-02,27,100.0,83.0,19,20260106T061500Z-QE24M
S-056,Medway Foundry,castings,conditional,2024-09-16,2,66.7,66.7,60,20260106T061500Z-QE24M
S-057,Northam Industrial Supply,other,approved,2020-02-15,26,100.0,98.1,4,20260106T061500Z-QE24M
S-058,Pryor Industrial Supply,other,approved,2019-09-11,21,100.0,85.4,16,20260106T061500Z-QE24M
S-059,Radnor Industrial Supply,other,conditional,2025-02-03,2,75.0,100.0,59,20260106T061500Z-QE24M
S-060,Sutter Industrial Supply,other,approved,2025-04-21,3,100.0,100.0,2,20260106T061500Z-QE24M
