employee_id,name,role,shift,hire_date,certification_level,home_machine,position,export_batch_id
E-0101,B. Foster,machinist,1,2022-12-01,1,SW-01,,20260106T061500Z-QE24M
E-0102,G. Reyes,machinist,2,2006-11-10,1,SW-01,,20260106T061500Z-QE24M
E-0103,M. Farrow,machinist,1,2007-01-19,3,SW-02,,20260106T061500Z-QE24M
E-0104,T. Quinn,machinist,2,2020-07-27,1,SW-02,,20260106T061500Z-QE24M
E-0105,D. Castro,machinist,1,2020-07-04,2,SW-03,,20260106T061500Z-QE24M
E-0106,J. Novak,machinist,2,2006-10-23,1,SW-03,,20260106T061500Z-QE24M
E-0107,P. Chen,machinist,1,2004-12-19,3,SW-04,,20260106T061500Z-QE24M
E-0108,A. Nakamura,machinist,2,2012-06-13,1,SW-04,,20260106T061500Z-QE24M
E-0109,F. Zamora,machinist,1,2013-09-16,1,SW-05,,20260106T061500Z-QE24M
E-0110,L. Keane,machinist,2,2019-03-08,1,SW-05,,20260106T061500Z-QE24M
E-0111,S. Wolfe,machinist,1,2020-10-11,2,SW-06,,20260106T061500Z-QE24M
E-0112,C. Kowalski,machinist,2,2023-06-23,2,SW-06,,20260106T061500Z-QE24M
E-0113,H. Varga,machinist,1,2009-12-25,2,SW-07,,20260106T061500Z-QE24M
E-0114,N. Holt,machinist,2,2020-01-23,2,SW-07,,20260106T061500Z-QE24M
E-0115,W. Teller,machinist,1,2022-02-07,1,SW-08,,20260106T061500Z-QE24M
E-0116,E. Haines,machinist,2,2018-03-23,3,SW-08,,20260106T061500Z-QE24M
E-0117,K. Sato,machinist,1,2014-04-08,1,MT-01,,20260106T061500Z-QE24M
E-0118,R. Ellis,machinist,2,2011-04-12,3,MT-01,,20260106T061500Z-QE24M
E-0119,B. Pruitt,machinist,1,2014-10-09,1,MT-02,,20260106T061500Z-QE24M
E-0120,G. Eriksen,machinist,2,2012-07-27,3,MT-02,,20260106T061500Z-QE24M
E-0121,M. Petrov,machinist,1,2015-01-26,2,MT-03,,20260106T061500Z-QE24M
E-0122,T. Brennan,machinist,2,2013-10-09,1,MT-03,,20260106T061500Z-QE24M
E-0123,D. Mercer,machinist,1,2019-07-06,3,MT-04,,20260106T061500Z-QE24M
E-0124,J. Baker,machinist,2,2018-08-11,3,MT-04,,20260106T061500Z-QE24M
E-0125,P. Moreau,machinist,1,2006-03-07,3,MT-05,,20260106T061500Z-QE24M
E-0126,A. Yilmaz,machinist,2,2021-09-23,3,MT-05,,20260106T061500Z-QE24M
E-0127,F. Joyce,machinist,1,2022-09-26,2,MT-06,,20260106T061500Z-QE24M
E-0128,L. Vance,machinist,2,2020-06-05,3,MT-06,,20260106T061500Z-QE24M
E-0129,S. Jensen,machinist,1,2022-07-13,3,ML-01,,20260106T061500Z-QE24M
E-0130,C. Ulrich,machinist,2,2017-11-09,3,ML-01,,20260106T061500Z-QE24M
E-0131,H. Grady,machinist,1,2022-08-07,2,ML-02,,20260106T061500Z-QE24M
E-0132,N. Salazar,machinist,2,2004-12-26,1,ML-02,,20260106T061500Z-QE24M
E-0133,W. Gupta,machinist,1,2018-07-14,2,ML-03,,20260106T061500Z-QE24M
E-0134,E. Rossi,machinist,2,2013-06-23,1,ML-03,,20260106T061500Z-QE24M
E-0135,K. Dunn,machinist,1,2023-09-25,2,ML-04,,20260106T061500Z-QE24M
E-0136,R. Ortiz,machinist,2,2005-06-15,3,ML-04,,20260106T061500Z-QE24M
E-0137,B. Dalton,machinist,1,2023-12-25,3,ML-05,,20260106T061500Z-QE24M
E-0138,G. Okoye,machinist,2,2016-06-20,1,ML-05,,20260106T061500Z-QE24M
E-0139,M. Abbott,machinist,1,2018-08-20,2,ML-06,,20260106T061500Z-QE24M
E-0140,T. Lowell,machinist,2,2018-03-12,1,ML-06,,20260106T061500Z-QE24M
E-0141,D. Alvarez,machinist,1,2009-06-07,3,GR-01,,20260106T061500Z-QE24M
E-0142,J. Lindgren,machinist,1,2004-05-24,1,GR-02,,20260106T061500Z-QE24M
E-0143,P. Whitfield,machinist,1,2022-03-02,1,GR-03,,20260106T061500Z-QE24M
E-0144,A. Iverson,machinist,1,2010-06-27,3,GR-04,,20260106T061500Z-QE24M
E-0145,F. Underwood,machinist,1,2008-06-06,2,,relief,20260106T061500Z-QE24M
E-0146,L. Ibarra,machinist,1,2006-10-21,2,,relief,20260106T061500Z-QE24M
E-0147,S. Tran,machinist,2,2013-04-01,1,,relief,20260106T061500Z-QE24M
E-0148,C. Foster,machinist,2,2018-09-23,3,,relief,20260106T061500Z-QE24M
E-0149,H. Reyes,inspector,1,2018-04-22,1,,CMM and vision,20260106T061500Z-QE24M
E-0150,N. Farrow,inspector,1,2013-03-12,2,,CMM and vision,20260106T061500Z-QE24M
E-0151,W. Quinn,inspector,2,2012-11-08,2,,CMM and vision,20260106T061500Z-QE24M
E-0152,E. Castro,inspector,1,2021-10-23,2,,in-process and final,20260106T061500Z-QE24M
E-0153,K. Novak,inspector,1,2015-10-13,3,,in-process and final,20260106T061500Z-QE24M
E-0154,R. Chen,inspector,2,2004-10-24,2,,in-process and final,20260106T061500Z-QE24M
E-0155,B. Nakamura,inspector,1,2010-07-19,1,,receiving,20260106T061500Z-QE24M
E-0156,G. Zamora,inspector,1,2014-02-16,1,,receiving,20260106T061500Z-QE24M
E-0157,M. Keane,inspector,1,2021-07-25,1,,lead,20260106T061500Z-QE24M
E-0158,T. Wolfe,quality engineer,1,2020-12-03,2,,,20260106T061500Z-QE24M
E-0159,D. Kowalski,quality engineer,1,2016-11-11,2,,,20260106T061500Z-QE24M
E-0160,J. Varga,quality engineer,1,2004-12-11,2,,,20260106T061500Z-QE24M
E-0161,P. Holt,quality engineer,1,2007-05-06,3,,,20260106T061500Z-QE24M
E-0162,A. Teller,quality engineer,1,2016-02-17,1,,quality manager,20260106T061500Z-QE24M
E-0163,F. Haines,technician,1,2007-12-13,3,,calibration,20260106T061500Z-QE24M
E-0164,L. Sato,technician,1,2018-01-03,1,,setup and programming,20260106T061500Z-QE24M
E-0165,S. Ellis,technician,2,2020-10-11,2,,setup and programming,20260106T061500Z-QE24M
E-0166,C. Pruitt,technician,1,2016-04-05,1,,setup and programming,20260106T061500Z-QE24M
E-0167,H. Eriksen,technician,2,2013-10-05,2,,setup and programming,20260106T061500Z-QE24M
E-0168,N. Petrov,technician,1,2015-06-01,3,,setup and programming,20260106T061500Z-QE24M
E-0169,W. Brennan,technician,2,2017-10-14,2,,setup and programming,20260106T061500Z-QE24M
E-0170,E. Mercer,technician,1,2016-11-10,3,,setup and programming,20260106T061500Z-QE24M
