part_id,customer_id,program,revision,material_grade,process_route,annual_volume,lot_size,drawing_units,ppap_level,family_code,unit_price,standard_cost,status,export_batch_id
P-10116-B,CU-001,automotive,B,8620,grind_with_turning,2000,2000,mm,3,F-01,13.81,11.74,active,20260106T061500Z-QE24M
P-10123-A,CU-002,automotive,A,8620,grind_with_turning,2450,1225,mm,3,F-01,14.77,12.55,active,20260106T061500Z-QE24M
P-10147-B,CU-001,automotive,B,8620,grind_with_turning,2100,1400,mm,3,F-01,20.05,17.04,active,20260106T061500Z-QE24M
P-10161-A,CU-002,automotive,A,8620,grind_with_turning,420,850,mm,3,F-01,9.96,8.47,active,20260106T061500Z-QE24M
P-10178-D,CU-001,automotive,D,8620,grind_with_turning,1240,825,mm,3,F-01,15.2,12.92,active,20260106T061500Z-QE24M
P-10184-A,CU-002,automotive,A,8620,grind_with_turning,900,600,mm,3,F-01,12.34,10.49,active,20260106T061500Z-QE24M
P-10212-A,CU-001,automotive,A,8620,grind_with_turning,980,650,mm,3,F-01,8.48,7.21,active,20260106T061500Z-QE24M
P-10215-A,CU-002,automotive,A,8620,grind_with_turning,920,925,mm,3,F-01,21.47,18.25,active,20260106T061500Z-QE24M
P-10235-A,CU-001,automotive,A,8620,grind_with_turning,2620,1750,mm,3,F-01,26.11,22.19,active,20260106T061500Z-QE24M
P-10257-C,CU-002,automotive,C,8620,grind_with_turning,1050,700,mm,3,F-01,17.57,14.93,active,20260106T061500Z-QE24M
P-10284-A,CU-001,automotive,A,8620,grind_with_turning,680,450,mm,3,F-01,9.84,8.36,active,20260106T061500Z-QE24M
P-10304-A,CU-002,automotive,A,8620,grind_with_turning,1400,700,mm,3,F-01,13.75,11.69,active,20260106T061500Z-QE24M
P-10313-B,CU-001,automotive,B,8620,grind_with_turning,490,975,mm,3,F-01,27.06,23.0,active,20260106T061500Z-QE24M
P-10327-A,CU-002,automotive,A,8620,grind_with_turning,1160,775,mm,3,F-01,5.36,4.56,active,20260106T061500Z-QE24M
P-10355-D,CU-001,automotive,D,8620,grind_with_turning,320,325,mm,3,F-01,23.41,19.9,active,20260106T061500Z-QE24M
P-10365-A,CU-002,automotive,A,8620,grind_with_turning,2590,1725,mm,3,F-01,12.21,10.38,active,20260106T061500Z-QE24M
P-10373-C,CU-003,automotive,C,1018,mill,1090,2175,mm,3,F-02,32.67,27.77,active,20260106T061500Z-QE24M
P-10378-D,CU-004,automotive,D,1018,mill,1450,725,mm,3,F-02,4.93,4.19,active,20260106T061500Z-QE24M
P-10385-D,CU-003,automotive,D,1018,mill,2250,1125,mm,3,F-02,8.34,7.09,active,20260106T061500Z-QE24M
P-10407-A,CU-004,automotive,A,1018,mill,1010,675,mm,3,F-02,6.11,5.19,active,20260106T061500Z-QE24M
P-10420-B,CU-003,automotive,B,1018,mill,420,425,mm,3,F-02,11.22,9.54,active,20260106T061500Z-QE24M
P-10444-B,CU-004,automotive,B,1018,mill,310,625,mm,3,F-02,8.59,7.3,active,20260106T061500Z-QE24M
P-10460-A,CU-003,automotive,A,1018,mill,1750,1750,mm,3,F-02,21.57,18.33,active,20260106T061500Z-QE24M
P-10463-C,CU-004,automotive,C,1018,mill,260,525,mm,3,F-02,6.87,5.84,active,20260106T061500Z-QE24M
P-10469-D,CU-003,automotive,D,1018,mill,1420,950,mm,3,F-02,10.71,9.1,active,20260106T061500Z-QE24M
P-10497-B,CU-004,automotive,B,1018,mill,950,1900,mm,3,F-02,24.55,20.87,active,20260106T061500Z-QE24M
P-10518-D,CU-003,automotive,D,1018,mill,1840,1225,mm,3,F-02,25.32,21.52,active,20260106T061500Z-QE24M
P-10536-A,CU-004,automotive,A,1018,mill,1010,675,mm,3,F-02,10.82,9.2,active,20260106T061500Z-QE24M
P-10563-D,CU-003,automotive,D,1018,mill,1990,1325,mm,3,F-02,12.21,10.38,active,20260106T061500Z-QE24M
P-10567-A,CU-004,automotive,A,1018,mill,1000,400,mm,3,F-02,24.39,20.73,active,20260106T061500Z-QE24M
P-10574-A,CU-003,automotive,A,1018,mill,1450,1450,mm,3,F-02,20.98,17.83,active,20260106T061500Z-QE24M
P-10599-C,CU-004,automotive,C,1018,mill,1390,925,mm,3,F-02,19.57,16.63,active,20260106T061500Z-QE24M
P-10604-A,CU-033,medical,A,316,mill,500,250,mm,,F-03,66.98,56.93,active,20260106T061500Z-QE24M
P-10607-C,CU-034,medical,C,316,mill,500,250,mm,,F-03,17.54,14.91,active,20260106T061500Z-QE24M
P-10632-C,CU-033,medical,C,316,mill,1120,1125,mm,,F-03,46.75,39.74,active,20260106T061500Z-QE24M
P-10653-D,CU-034,medical,D,316,mill,750,300,mm,,F-03,44.75,38.04,active,20260106T061500Z-QE24M
P-10680-D,CU-033,medical,D,316,mill,490,975,mm,,F-03,126.67,107.67,active,20260106T061500Z-QE24M
P-10688-A,CU-034,medical,A,316,mill,1800,900,mm,,F-03,17.9,15.21,active,20260106T061500Z-QE24M
P-10711-C,CU-033,medical,C,316,mill,750,375,mm,,F-03,56.23,47.8,active,20260106T061500Z-QE24M
P-10725-B,CU-034,medical,B,316,mill,2920,1950,mm,,F-03,37.83,32.16,active,20260106T061500Z-QE24M
P-10729-A,CU-033,medical,A,316,mill,2300,1150,mm,,F-03,38.76,32.95,active,20260106T061500Z-QE24M
P-10743-D,CU-034,medical,D,316,mill,690,275,mm,,F-03,61.64,52.39,active,20260106T061500Z-QE24M
P-10749-A,CU-033,medical,A,316,mill,1500,500,mm,,F-03,48.35,41.1,active,20260106T061500Z-QE24M
P-10761-A,CU-034,medical,A,316,mill,580,1150,mm,,F-03,34.75,29.54,active,20260106T061500Z-QE24M
P-10775-A,CU-033,medical,A,316,mill,750,750,mm,,F-03,49.44,42.02,active,20260106T061500Z-QE24M
P-10798-C,CU-034,medical,C,316,mill,750,500,mm,,F-03,97.81,83.14,active,20260106T061500Z-QE24M
P-10824-A,CU-033,medical,A,316,mill,1480,2950,mm,,F-03,36.92,31.38,active,20260106T061500Z-QE24M
P-10845-A,CU-034,medical,A,316,mill,2250,750,mm,,F-03,65.93,56.04,active,20260106T061500Z-QE24M
P-10857-C,CU-033,medical,C,316,mill,4610,3075,mm,,F-03,39.67,33.72,active,20260106T061500Z-QE24M
P-10869-D,CU-041,industrial,D,8620,mill,3040,2025,mm,,F-04,19.01,16.16,active,20260106T061500Z-QE24M
P-10887-B,CU-042,industrial,B,8620,mill,260,525,mm,,F-04,16.69,14.19,active,20260106T061500Z-QE24M
P-10900-A,CU-041,industrial,A,8620,mill,14780,4925,mm,,F-04,13.69,11.64,active,20260106T061500Z-QE24M
P-10923-A,CU-042,industrial,A,8620,mill,3300,3300,mm,,F-04,24.79,21.07,active,20260106T061500Z-QE24M
P-10928-A,CU-041,industrial,A,8620,mill,1150,1150,mm,,F-04,65.52,55.69,active,20260106T061500Z-QE24M
P-10941-C,CU-042,industrial,C,8620,mill,1000,1000,mm,,F-04,20.01,17.01,active,20260106T061500Z-QE24M
P-10967-A,CU-041,industrial,A,8620,mill,2600,1300,mm,,F-04,15.16,12.89,active,20260106T061500Z-QE24M
P-10989-A,CU-042,industrial,A,8620,mill,980,650,mm,,F-04,12.64,10.74,active,20260106T061500Z-QE24M
P-10994-A,CU-041,industrial,A,8620,mill,290,575,mm,,F-04,17.44,14.82,active,20260106T061500Z-QE24M
P-11007-C,CU-042,industrial,C,8620,mill,6000,2000,mm,,F-04,23.63,20.09,active,20260106T061500Z-QE24M
P-11033-A,CU-041,industrial,A,8620,mill,400,200,mm,,F-04,18.55,15.77,active,20260106T061500Z-QE24M
P-11045-A,CU-042,industrial,A,8620,mill,480,475,mm,,F-04,25.72,21.86,active,20260106T061500Z-QE24M
P-11072-B,CU-041,industrial,B,8620,mill,1750,500,mm,,F-04,16.41,13.95,active,20260106T061500Z-QE24M
P-11099-A,CU-042,industrial,A,8620,mill,680,450,mm,,F-04,11.74,9.98,active,20260106T061500Z-QE24M
P-11115-B,CU-041,industrial,B,8620,mill,1280,2550,mm,,F-04,28.61,24.32,active,20260106T061500Z-QE24M
P-11126-A,CU-042,industrial,A,8620,mill,790,525,mm,,F-04,25.28,21.49,active,20260106T061500Z-QE24M
P-11142-B,CU-041,industrial,B,8620,mill,700,700,mm,,F-04,18.96,16.12,active,20260106T061500Z-QE24M
P-11163-D,CU-009,automotive,D,303,swiss,26400,2200,mm,3,F-05,14.49,12.32,active,20260106T061500Z-QE24M
P-11167-D,CU-010,automotive,D,303,swiss,5500,1100,mm,3,F-05,9.52,8.09,active,20260106T061500Z-QE24M
P-11173-A,CU-009,automotive,A,303,swiss,12120,2425,mm,3,F-05,22.03,18.73,active,20260106T061500Z-QE24M
P-11201-A,CU-010,automotive,A,303,swiss,5500,1100,mm,3,F-05,12.07,10.26,active,20260106T061500Z-QE24M
P-11226-C,CU-009,automotive,C,303,swiss,7750,1550,mm,3,F-05,7.98,6.78,active,20260106T061500Z-QE24M
P-11253-B,CU-010,automotive,B,303,swiss,11500,2300,mm,3,F-05,24.45,20.78,active,20260106T061500Z-QE24M
P-11265-A,CU-009,automotive,A,303,swiss,5500,1100,mm,3,F-05,14.57,12.38,active,20260106T061500Z-QE24M
P-11282-A,CU-010,automotive,A,303,swiss,5500,1100,mm,3,F-05,16.07,13.66,active,20260106T061500Z-QE24M
P-11301-A,CU-009,automotive,A,303,swiss,5500,1100,mm,3,F-05,10.78,9.16,active,20260106T061500Z-QE24M
P-11320-D,CU-010,automotive,D,303,swiss,5500,1100,mm,3,F-05,43.75,37.19,active,20260106T061500Z-QE24M
P-11329-A,CU-009,automotive,A,303,swiss,5500,1100,mm,3,F-05,11.53,9.8,active,20260106T061500Z-QE24M
P-11347-A,CU-010,automotive,A,303,swiss,5500,1100,mm,3,F-05,18.07,15.36,active,20260106T061500Z-QE24M
P-11354-C,CU-027,aerospace,C,4140,mill,500,250,mm,,F-06,43.96,37.37,active,20260106T061500Z-QE24M
P-11373-D,CU-028,aerospace,D,4140,mill,500,250,mm,,F-06,118.44,100.67,active,20260106T061500Z-QE24M
P-11381-A,CU-027,aerospace,A,4140,mill,500,500,mm,,F-06,36.41,30.95,active,20260106T061500Z-QE24M
P-11406-C,CU-028,aerospace,C,4140,mill,2700,1800,mm,,F-06,51.48,43.76,active,20260106T061500Z-QE24M
P-11413-A,CU-027,aerospace,A,4140,mill,380,250,mm,,F-06,53.07,45.11,active,20260106T061500Z-QE24M
P-11417-A,CU-028,aerospace,A,4140,mill,2000,2000,mm,,F-06,26.69,22.69,active,20260106T061500Z-QE24M
P-11437-B,CU-027,aerospace,B,4140,mill,700,350,mm,,F-06,47.82,40.65,active,20260106T061500Z-QE24M
P-11441-A,CU-028,aerospace,A,4140,mill,1050,1050,mm,,F-06,34.92,29.68,active,20260106T061500Z-QE24M
P-11449-A,CU-027,aerospace,A,4140,mill,2350,1175,mm,,F-06,50.27,42.73,active,20260106T061500Z-QE24M
P-11462-A,CU-028,aerospace,A,4140,mill,2190,875,mm,,F-06,46.13,39.21,active,20260106T061500Z-QE24M
P-11490-A,CU-027,aerospace,A,4140,mill,400,200,mm,,F-06,32.12,27.3,active,20260106T061500Z-QE24M
P-11494-C,CU-028,aerospace,C,4140,mill,260,525,mm,,F-06,83.69,71.14,active,20260106T061500Z-QE24M
P-11502-A,CU-027,aerospace,A,4140,mill,6850,3425,mm,,F-06,49.0,41.65,active,20260106T061500Z-QE24M
P-11529-B,CU-028,aerospace,B,4140,mill,4540,3025,mm,,F-06,42.36,36.01,active,20260106T061500Z-QE24M
P-11557-C,CU-027,aerospace,C,4140,mill,790,1575,mm,,F-06,45.29,38.5,active,20260106T061500Z-QE24M
P-11584-A,CU-028,aerospace,A,4140,mill,4250,1700,mm,,F-06,60.81,51.69,active,20260106T061500Z-QE24M
P-11598-C,CU-027,aerospace,C,4140,mill,800,800,mm,,F-06,34.74,29.53,active,20260106T061500Z-QE24M
P-11625-A,CU-017,aerospace,A,Ti-6Al-4V,mill,1000,500,mm,,F-07,48.18,40.95,active,20260106T061500Z-QE24M
P-11642-D,CU-018,aerospace,D,Ti-6Al-4V,mill,1390,925,mm,,F-07,15.21,12.93,active,20260106T061500Z-QE24M
P-11663-A,CU-017,aerospace,A,Ti-6Al-4V,mill,1720,1725,mm,,F-07,17.78,15.11,active,20260106T061500Z-QE24M
P-11681-A,CU-018,aerospace,A,Ti-6Al-4V,mill,1400,700,mm,,F-07,37.66,32.01,active,20260106T061500Z-QE24M
P-11700-B,CU-017,aerospace,B,Ti-6Al-4V,mill,1760,1175,mm,,F-07,30.07,25.56,active,20260106T061500Z-QE24M
P-11724-A,CU-018,aerospace,A,Ti-6Al-4V,mill,2900,1450,mm,,F-07,37.8,32.13,active,20260106T061500Z-QE24M
P-11745-D,CU-017,aerospace,D,Ti-6Al-4V,mill,2320,1550,mm,,F-07,71.64,60.89,active,20260106T061500Z-QE24M
P-11768-A,CU-018,aerospace,A,Ti-6Al-4V,mill,5400,2700,mm,,F-07,28.68,24.38,active,20260106T061500Z-QE24M
P-11794-A,CU-017,aerospace,A,Ti-6Al-4V,mill,690,1375,mm,,F-07,63.73,54.17,active,20260106T061500Z-QE24M
P-11803-A,CU-018,aerospace,A,Ti-6Al-4V,mill,1380,550,mm,,F-07,45.6,38.76,active,20260106T061500Z-QE24M
P-11828-C,CU-017,aerospace,C,Ti-6Al-4V,mill,1310,875,mm,,F-07,20.32,17.27,active,20260106T061500Z-QE24M
P-11831-D,CU-018,aerospace,D,Ti-6Al-4V,mill,820,550,mm,,F-07,70.78,60.16,active,20260106T061500Z-QE24M
P-11847-D,CU-017,aerospace,D,Ti-6Al-4V,mill,3940,2625,mm,,F-07,29.26,24.87,active,20260106T061500Z-QE24M
P-11856-B,CU-018,aerospace,B,Ti-6Al-4V,mill,4060,1625,mm,,F-07,12.2,10.37,active,20260106T061500Z-QE24M
P-11871-A,CU-017,aerospace,A,Ti-6Al-4V,mill,1650,825,mm,,F-07,20.14,17.12,active,20260106T061500Z-QE24M
P-11884-A,CU-018,aerospace,A,Ti-6Al-4V,mill,200,200,mm,,F-07,22.24,18.9,active,20260106T061500Z-QE24M
P-11889-B,CU-017,aerospace,B,Ti-6Al-4V,mill,1400,700,mm,,F-07,37.99,32.29,active,20260106T061500Z-QE24M
P-11909-A,CU-015,automotive,A,6061,mill,21900,1825,mm,3,F-08,11.22,9.54,active,20260106T061500Z-QE24M
P-11920-C,CU-016,automotive,C,6061,mill,25000,5000,mm,3,F-08,32.38,27.52,active,20260106T061500Z-QE24M
P-11923-A,CU-015,automotive,A,6061,mill,5500,1100,mm,3,F-08,27.07,23.01,active,20260106T061500Z-QE24M
P-11930-A,CU-016,automotive,A,6061,mill,2880,575,mm,3,F-08,8.65,7.35,active,20260106T061500Z-QE24M
P-11950-A,CU-015,automotive,A,6061,mill,4380,875,mm,3,F-08,14.37,12.21,active,20260106T061500Z-QE24M
P-11962-A,CU-016,automotive,A,6061,mill,2500,500,mm,3,F-08,13.41,11.4,active,20260106T061500Z-QE24M
P-11984-A,CU-015,automotive,A,6061,mill,1000,200,mm,3,F-08,7.92,6.73,active,20260106T061500Z-QE24M
P-12004-A,CU-016,automotive,A,6061,mill,4620,925,mm,3,F-08,15.32,13.02,active,20260106T061500Z-QE24M
P-12016-A,CU-015,automotive,A,6061,mill,4500,900,mm,3,F-08,13.59,11.55,active,20260106T061500Z-QE24M
P-12023-C,CU-016,automotive,C,6061,mill,14120,2825,mm,3,F-08,28.17,23.94,active,20260106T061500Z-QE24M
P-12040-C,CU-021,aerospace,C,Ti-6Al-4V,grind_with_turning,1600,800,mm,,F-09,59.45,50.53,active,20260106T061500Z-QE24M
P-12065-A,CU-022,aerospace,A,Ti-6Al-4V,grind_with_turning,2100,1050,mm,,F-09,38.53,32.75,active,20260106T061500Z-QE24M
P-12075-A,CU-021,aerospace,A,Ti-6Al-4V,grind_with_turning,6410,4275,mm,,F-09,40.02,34.02,active,20260106T061500Z-QE24M
P-12092-A,CU-022,aerospace,A,Ti-6Al-4V,grind_with_turning,1120,1125,mm,,F-09,32.75,27.84,active,20260106T061500Z-QE24M
P-12114-A,CU-021,aerospace,A,Ti-6Al-4V,grind_with_turning,480,475,mm,,F-09,33.68,28.63,active,20260106T061500Z-QE24M
P-12141-B,CU-022,aerospace,B,Ti-6Al-4V,grind_with_turning,1950,1300,mm,,F-09,82.28,69.94,active,20260106T061500Z-QE24M
P-12144-A,CU-021,aerospace,A,Ti-6Al-4V,grind_with_turning,1600,800,mm,,F-09,66.76,56.75,active,20260106T061500Z-QE24M
P-12164-A,CU-022,aerospace,A,Ti-6Al-4V,grind_with_turning,900,300,mm,,F-09,34.38,29.22,active,20260106T061500Z-QE24M
P-12188-A,CU-021,aerospace,A,Ti-6Al-4V,grind_with_turning,2950,1475,mm,,F-09,35.24,29.95,active,20260106T061500Z-QE24M
P-12204-A,CU-022,aerospace,A,Ti-6Al-4V,grind_with_turning,550,275,mm,,F-09,59.51,50.58,active,20260106T061500Z-QE24M
P-12208-D,CU-021,aerospace,D,Ti-6Al-4V,grind_with_turning,680,675,mm,,F-09,47.69,40.54,active,20260106T061500Z-QE24M
P-12213-C,CU-022,aerospace,C,Ti-6Al-4V,grind_with_turning,450,900,mm,,F-09,39.73,33.77,active,20260106T061500Z-QE24M
P-12223-A,CU-021,aerospace,A,Ti-6Al-4V,grind_with_turning,710,475,mm,,F-09,18.9,16.06,active,20260106T061500Z-QE24M
P-12248-D,CU-022,aerospace,D,Ti-6Al-4V,grind_with_turning,1000,500,mm,,F-09,19.46,16.54,active,20260106T061500Z-QE24M
P-12257-A,CU-021,aerospace,A,Ti-6Al-4V,grind_with_turning,680,675,mm,,F-09,31.05,26.39,active,20260106T061500Z-QE24M
P-12284-B,CU-022,aerospace,B,Ti-6Al-4V,grind_with_turning,2000,800,mm,,F-09,50.53,42.95,active,20260106T061500Z-QE24M
P-12303-D,CU-021,aerospace,D,Ti-6Al-4V,grind_with_turning,2620,875,mm,,F-09,42.33,35.98,active,20260106T061500Z-QE24M
P-12314-A,CU-003,automotive,A,4140,multi_axis_turn,2820,2825,mm,3,F-10,19.72,16.76,active,20260106T061500Z-QE24M
P-12328-A,CU-004,automotive,A,4140,multi_axis_turn,2300,2300,mm,3,F-10,11.82,10.05,active,20260106T061500Z-QE24M
P-12338-A,CU-003,automotive,A,4140,multi_axis_turn,1480,1475,mm,3,F-10,18.81,15.99,active,20260106T061500Z-QE24M
P-12343-A,CU-004,automotive,A,4140,multi_axis_turn,450,450,mm,3,F-10,20.57,17.48,active,20260106T061500Z-QE24M
P-12367-A,CU-003,automotive,A,4140,multi_axis_turn,1000,1000,mm,3,F-10,11.84,10.06,active,20260106T061500Z-QE24M
P-12370-B,CU-004,automotive,B,4140,multi_axis_turn,280,550,mm,3,F-10,9.94,8.45,active,20260106T061500Z-QE24M
P-12384-A,CU-003,automotive,A,4140,multi_axis_turn,750,500,mm,3,F-10,17.94,15.25,active,20260106T061500Z-QE24M
P-12407-A,CU-004,automotive,A,4140,multi_axis_turn,140,275,mm,3,F-10,11.62,9.88,active,20260106T061500Z-QE24M
P-12435-A,CU-003,automotive,A,4140,multi_axis_turn,600,200,mm,3,F-10,14.57,12.38,active,20260106T061500Z-QE24M
P-12458-A,CU-004,automotive,A,4140,multi_axis_turn,1080,1075,mm,3,F-10,16.47,14.0,active,20260106T061500Z-QE24M
P-12479-D,CU-003,automotive,D,4140,multi_axis_turn,2060,1375,mm,3,F-10,12.49,10.62,active,20260106T061500Z-QE24M
P-12489-A,CU-004,automotive,A,4140,multi_axis_turn,3080,2050,mm,3,F-10,14.81,12.59,active,20260106T061500Z-QE24M
P-12498-B,CU-003,automotive,B,4140,multi_axis_turn,900,600,mm,3,F-10,13.12,11.15,active,20260106T061500Z-QE24M
P-12515-B,CU-004,automotive,B,4140,multi_axis_turn,640,1275,mm,3,F-10,20.94,17.8,active,20260106T061500Z-QE24M
P-12543-C,CU-003,automotive,C,4140,multi_axis_turn,1750,875,mm,3,F-10,13.84,11.76,active,20260106T061500Z-QE24M
P-12558-A,CU-004,automotive,A,4140,multi_axis_turn,420,425,mm,3,F-10,9.98,8.48,active,20260106T061500Z-QE24M
P-12565-B,CU-031,medical,B,17-4,swiss,3250,1625,mm,,F-11,29.35,24.95,active,20260106T061500Z-QE24M
P-12589-C,CU-032,medical,C,17-4,swiss,1450,725,mm,,F-11,46.89,39.86,active,20260106T061500Z-QE24M
P-12594-C,CU-031,medical,C,17-4,swiss,1550,775,mm,,F-11,51.93,44.14,active,20260106T061500Z-QE24M
P-12614-A,CU-032,medical,A,17-4,swiss,1440,575,mm,,F-11,40.33,34.28,active,20260106T061500Z-QE24M
P-12618-A,CU-031,medical,A,17-4,swiss,750,500,mm,,F-11,57.11,48.54,active,20260106T061500Z-QE24M
P-12642-D,CU-032,medical,D,17-4,swiss,1580,1575,mm,,F-11,15.37,13.06,active,20260106T061500Z-QE24M
P-12645-A,CU-031,medical,A,17-4,swiss,3150,1575,mm,,F-11,42.1,35.79,active,20260106T061500Z-QE24M
P-12671-A,CU-032,medical,A,17-4,swiss,380,750,mm,,F-11,19.14,16.27,active,20260106T061500Z-QE24M
P-12678-A,CU-031,medical,A,17-4,swiss,1280,850,mm,,F-11,17.61,14.97,active,20260106T061500Z-QE24M
P-12695-A,CU-032,medical,A,17-4,swiss,520,525,mm,,F-11,58.26,49.52,active,20260106T061500Z-QE24M
P-12701-A,CU-031,medical,A,17-4,swiss,2000,1000,mm,,F-11,28.24,24.0,active,20260106T061500Z-QE24M
P-12722-A,CU-032,medical,A,17-4,swiss,680,450,mm,,F-11,31.63,26.89,active,20260106T061500Z-QE24M
P-12738-A,CU-031,medical,A,17-4,swiss,750,375,mm,,F-11,28.34,24.09,active,20260106T061500Z-QE24M
P-12750-D,CU-032,medical,D,17-4,swiss,3410,2275,mm,,F-11,22.62,19.23,active,20260106T061500Z-QE24M
P-12756-B,CU-031,medical,B,17-4,swiss,1750,1750,mm,,F-11,45.37,38.56,active,20260106T061500Z-QE24M
P-12777-A,CU-032,medical,A,17-4,swiss,950,475,mm,,F-11,33.78,28.71,active,20260106T061500Z-QE24M
P-12802-A,CU-031,medical,A,17-4,swiss,1400,1400,mm,,F-11,28.45,24.18,active,20260106T061500Z-QE24M
P-12828-B,CU-007,automotive,B,4140,multi_axis_turn,9000,1500,mm,3,F-12,41.29,35.1,active,20260106T061500Z-QE24M
P-12835-A,CU-008,automotive,A,4140,multi_axis_turn,3600,600,mm,3,F-12,51.93,44.14,active,20260106T061500Z-QE24M
P-12861-C,CU-007,automotive,C,4140,multi_axis_turn,9600,1600,mm,3,F-12,43.9,37.32,active,20260106T061500Z-QE24M
P-12868-D,CU-008,automotive,D,4140,multi_axis_turn,4200,700,mm,3,F-12,47.59,40.45,active,20260106T061500Z-QE24M
P-12878-C,CU-007,automotive,C,4140,multi_axis_turn,2100,700,mm,3,F-12,44.54,37.86,active,20260106T061500Z-QE24M
P-12884-C,CU-008,automotive,C,4140,multi_axis_turn,1800,600,mm,3,F-12,51.13,43.46,active,20260106T061500Z-QE24M
P-12907-D,CU-007,automotive,D,4140,multi_axis_turn,1800,600,mm,3,F-12,47.93,40.74,active,20260106T061500Z-QE24M
P-12925-A,CU-008,automotive,A,4140,multi_axis_turn,3080,1025,mm,3,F-12,45.99,39.09,active,20260106T061500Z-QE24M
P-12947-A,CU-007,automotive,A,4140,multi_axis_turn,3380,1125,mm,3,F-12,42.74,36.33,active,20260106T061500Z-QE24M
P-12972-A,CU-008,automotive,A,4140,multi_axis_turn,3080,1025,mm,3,F-12,45.1,38.34,active,20260106T061500Z-QE24M
P-12988-A,CU-007,automotive,A,4140,multi_axis_turn,2250,750,mm,3,F-12,43.95,37.36,active,20260106T061500Z-QE24M
P-13012-A,CU-008,automotive,A,4140,multi_axis_turn,1800,600,mm,3,F-12,47.56,40.43,active,20260106T061500Z-QE24M
P-13017-A,CU-009,automotive,A,1045,swiss,12600,4200,mm,3,F-13,12.3,10.46,active,20260106T061500Z-QE24M
P-13045-B,CU-010,automotive,B,1045,swiss,980,975,mm,3,F-13,12.34,10.49,active,20260106T061500Z-QE24M
P-13067-C,CU-009,automotive,C,1045,swiss,750,750,mm,3,F-13,9.84,8.36,active,20260106T061500Z-QE24M
P-13094-D,CU-010,automotive,D,1045,swiss,420,850,mm,3,F-13,8.8,7.48,active,20260106T061500Z-QE24M
P-13122-B,CU-009,automotive,B,1045,swiss,2850,1425,mm,3,F-13,13.52,11.49,active,20260106T061500Z-QE24M
P-13138-C,CU-010,automotive,C,1045,swiss,700,700,mm,3,F-13,9.65,8.2,active,20260106T061500Z-QE24M
P-13145-D,CU-009,automotive,D,1045,swiss,510,1025,mm,3,F-13,15.82,13.45,active,20260106T061500Z-QE24M
P-13149-C,CU-010,automotive,C,1045,swiss,9520,3175,mm,3,F-13,10.35,8.8,active,20260106T061500Z-QE24M
P-13158-A,CU-009,automotive,A,1045,swiss,810,325,mm,3,F-13,18.68,15.88,active,20260106T061500Z-QE24M
P-13174-A,CU-010,automotive,A,1045,swiss,900,900,mm,3,F-13,13.41,11.4,active,20260106T061500Z-QE24M
P-13193-A,CU-009,automotive,A,1045,swiss,300,300,mm,3,F-13,11.46,9.74,active,20260106T061500Z-QE24M
P-13214-A,CU-010,automotive,A,1045,swiss,2150,1075,mm,3,F-13,14.28,12.14,active,20260106T061500Z-QE24M
P-13229-B,CU-009,automotive,B,1045,swiss,600,400,mm,3,F-13,21.62,18.38,active,20260106T061500Z-QE24M
P-13248-A,CU-010,automotive,A,1045,swiss,1180,2350,mm,3,F-13,33.48,28.46,active,20260106T061500Z-QE24M
P-13267-B,CU-009,automotive,B,1045,swiss,1800,900,mm,3,F-13,22.68,19.28,active,20260106T061500Z-QE24M
P-13285-C,CU-010,automotive,C,1045,swiss,5310,2125,mm,3,F-13,12.24,10.4,active,20260106T061500Z-QE24M
P-13307-B,CU-011,automotive,B,4140,multi_axis_turn,3820,850,mm,3,F-14,46.59,39.6,active,20260106T061500Z-QE24M
P-13317-A,CU-012,automotive,A,4140,multi_axis_turn,4390,975,mm,3,F-14,45.82,38.95,active,20260106T061500Z-QE24M
P-13321-A,CU-011,automotive,A,4140,multi_axis_turn,3820,850,mm,3,F-14,46.5,39.52,active,20260106T061500Z-QE24M
P-13328-A,CU-012,automotive,A,4140,multi_axis_turn,4840,1075,mm,3,F-14,41.67,35.42,active,20260106T061500Z-QE24M
P-13350-A,CU-011,automotive,A,4140,multi_axis_turn,3820,850,mm,3,F-14,42.39,36.03,active,20260106T061500Z-QE24M
P-13357-A,CU-012,automotive,A,4140,multi_axis_turn,4020,1150,mm,3,F-14,52.35,44.5,active,20260106T061500Z-QE24M
P-13369-A,CU-011,automotive,A,4140,multi_axis_turn,3240,925,mm,3,F-14,52.5,44.62,active,20260106T061500Z-QE24M
P-13380-B,CU-012,automotive,B,4140,multi_axis_turn,2980,850,mm,3,F-14,50.72,43.11,active,20260106T061500Z-QE24M
P-13403-A,CU-011,automotive,A,4140,multi_axis_turn,2980,850,mm,3,F-14,52.66,44.76,active,20260106T061500Z-QE24M
P-13431-A,CU-012,automotive,A,4140,multi_axis_turn,3400,850,mm,3,F-14,41.92,35.63,active,20260106T061500Z-QE24M
P-13447-D,CU-011,automotive,D,4140,multi_axis_turn,4600,1150,mm,3,F-14,47.69,40.54,active,20260106T061500Z-QE24M
P-13458-B,CU-012,automotive,B,4140,multi_axis_turn,3400,850,mm,3,F-14,44.7,38.0,active,20260106T061500Z-QE24M
P-13483-A,CU-011,automotive,A,4140,multi_axis_turn,3400,850,mm,3,F-14,45.0,38.25,active,20260106T061500Z-QE24M
P-13502-C,CU-012,automotive,C,4140,multi_axis_turn,2980,850,mm,3,F-14,49.79,42.32,active,20260106T061500Z-QE24M
P-13530-B,CU-021,aerospace,B,4140,grind_with_turning,900,600,mm,,F-15,43.07,36.61,active,20260106T061500Z-QE24M
P-13557-A,CU-022,aerospace,A,4140,grind_with_turning,450,900,mm,,F-15,27.34,23.24,active,20260106T061500Z-QE24M
P-13563-A,CU-021,aerospace,A,4140,grind_with_turning,140,275,mm,,F-15,30.32,25.77,active,20260106T061500Z-QE24M
P-13590-A,CU-022,aerospace,A,4140,grind_with_turning,750,750,mm,,F-15,44.27,37.63,active,20260106T061500Z-QE24M
P-13608-D,CU-021,aerospace,D,4140,grind_with_turning,1800,1200,mm,,F-15,39.91,33.92,active,20260106T061500Z-QE24M
P-13633-A,CU-022,aerospace,A,4140,grind_with_turning,8200,4100,mm,,F-15,128.71,109.4,active,20260106T061500Z-QE24M
P-13648-A,CU-021,aerospace,A,4140,grind_with_turning,4800,2400,mm,,F-15,38.94,33.1,active,20260106T061500Z-QE24M
P-13669-A,CU-022,aerospace,A,4140,grind_with_turning,420,425,mm,,F-15,104.02,88.42,active,20260106T061500Z-QE24M
P-13675-A,CU-021,aerospace,A,4140,grind_with_turning,3500,1750,mm,,F-15,49.19,41.81,active,20260106T061500Z-QE24M
P-13684-B,CU-022,aerospace,B,4140,grind_with_turning,350,700,mm,,F-15,13.37,11.36,active,20260106T061500Z-QE24M
P-13711-B,CU-021,aerospace,B,4140,grind_with_turning,950,475,mm,,F-15,31.12,26.45,active,20260106T061500Z-QE24M
P-13739-B,CU-022,aerospace,B,4140,grind_with_turning,950,475,mm,,F-15,40.98,34.83,active,20260106T061500Z-QE24M
P-13755-A,CU-021,aerospace,A,4140,grind_with_turning,600,300,mm,,F-15,50.4,42.84,active,20260106T061500Z-QE24M
P-13783-A,CU-022,aerospace,A,4140,grind_with_turning,980,650,mm,,F-15,57.99,49.29,active,20260106T061500Z-QE24M
P-13797-A,CU-021,aerospace,A,4140,grind_with_turning,600,300,mm,,F-15,38.09,32.38,active,20260106T061500Z-QE24M
P-13806-A,CU-022,aerospace,A,4140,grind_with_turning,3250,1625,mm,,F-15,86.05,73.14,active,20260106T061500Z-QE24M
P-13821-A,CU-021,aerospace,A,4140,grind_with_turning,4800,1600,mm,,F-15,53.87,45.79,active,20260106T061500Z-QE24M
P-13842-D,CU-023,aerospace,D,7075,grind_with_turning,1300,650,mm,,F-16,31.16,26.49,active,20260106T061500Z-QE24M
P-13863-B,CU-024,aerospace,B,7075,grind_with_turning,3900,1300,mm,,F-16,51.29,43.6,active,20260106T061500Z-QE24M
P-13888-A,CU-023,aerospace,A,7075,grind_with_turning,860,575,mm,,F-16,33.13,28.16,active,20260106T061500Z-QE24M
P-13901-A,CU-024,aerospace,A,7075,grind_with_turning,1520,1525,mm,,F-16,70.6,60.01,active,20260106T061500Z-QE24M
P-13923-B,CU-023,aerospace,B,7075,grind_with_turning,980,975,mm,,F-16,26.5,22.52,active,20260106T061500Z-QE24M
P-13926-A,CU-024,aerospace,A,7075,grind_with_turning,7500,5000,mm,,F-16,49.54,42.11,active,20260106T061500Z-QE24M
P-13941-A,CU-023,aerospace,A,7075,grind_with_turning,220,450,mm,,F-16,26.71,22.7,active,20260106T061500Z-QE24M
P-13948-B,CU-024,aerospace,B,7075,grind_with_turning,400,200,mm,,F-16,23.19,19.71,active,20260106T061500Z-QE24M
P-13971-C,CU-023,aerospace,C,7075,grind_with_turning,900,600,mm,,F-16,38.41,32.65,active,20260106T061500Z-QE24M
P-13976-B,CU-024,aerospace,B,7075,grind_with_turning,1700,850,mm,,F-16,25.7,21.84,active,20260106T061500Z-QE24M
P-13994-A,CU-023,aerospace,A,7075,grind_with_turning,380,375,mm,,F-16,33.32,28.32,active,20260106T061500Z-QE24M
P-14015-A,CU-024,aerospace,A,7075,grind_with_turning,1020,1025,mm,,F-16,38.45,32.68,active,20260106T061500Z-QE24M
P-14042-C,CU-023,aerospace,C,7075,grind_with_turning,450,450,mm,,F-16,19.78,16.81,active,20260106T061500Z-QE24M
P-14048-A,CU-024,aerospace,A,7075,grind_with_turning,1200,800,mm,,F-16,48.36,41.11,active,20260106T061500Z-QE24M
P-14063-D,CU-023,aerospace,D,7075,grind_with_turning,2250,1125,mm,,F-16,46.21,39.28,active,20260106T061500Z-QE24M
P-14066-C,CU-024,aerospace,C,7075,grind_with_turning,750,500,mm,,F-16,29.1,24.74,active,20260106T061500Z-QE24M
P-14077-B,CU-023,aerospace,B,7075,grind_with_turning,600,1200,mm,,F-16,48.89,41.56,active,20260106T061500Z-QE24M
P-14103-B,CU-001,automotive,B,1045,multi_axis_turn,29400,2450,mm,3,F-17,11.07,9.41,active,20260106T061500Z-QE24M
P-14108-A,CU-002,automotive,A,1045,multi_axis_turn,21600,1800,mm,3,F-17,13.46,11.44,active,20260106T061500Z-QE24M
P-14117-A,CU-001,automotive,A,1045,multi_axis_turn,5500,1100,mm,3,F-17,38.54,32.76,active,20260106T061500Z-QE24M
P-14134-A,CU-002,automotive,A,1045,multi_axis_turn,7500,1500,mm,3,F-17,13.21,11.23,active,20260106T061500Z-QE24M
P-14140-A,CU-001,automotive,A,1045,multi_axis_turn,4750,950,mm,3,F-17,11.42,9.71,active,20260106T061500Z-QE24M
P-14159-A,CU-002,automotive,A,1045,multi_axis_turn,1380,275,mm,3,F-17,11.17,9.49,active,20260106T061500Z-QE24M
P-14168-B,CU-001,automotive,B,1045,multi_axis_turn,4750,950,mm,3,F-17,26.23,22.3,active,20260106T061500Z-QE24M
P-14175-A,CU-002,automotive,A,1045,multi_axis_turn,3750,750,mm,3,F-17,14.82,12.6,active,20260106T061500Z-QE24M
P-14196-A,CU-001,automotive,A,1045,multi_axis_turn,7250,1450,mm,3,F-17,14.72,12.51,active,20260106T061500Z-QE24M
P-14212-C,CU-002,automotive,C,1045,multi_axis_turn,4380,875,mm,3,F-17,20.73,17.62,active,20260106T061500Z-QE24M
P-14225-A,CU-003,automotive,A,4140,grind_with_turning,560,1125,mm,3,F-18,20.47,17.4,active,20260106T061500Z-QE24M
P-14253-B,CU-004,automotive,B,4140,grind_with_turning,560,1125,mm,3,F-18,13.2,11.22,active,20260106T061500Z-QE24M
P-14257-A,CU-003,automotive,A,4140,grind_with_turning,3700,1850,mm,3,F-18,17.85,15.17,active,20260106T061500Z-QE24M
P-14275-A,CU-004,automotive,A,4140,grind_with_turning,1280,1275,mm,3,F-18,9.6,8.16,active,20260106T061500Z-QE24M
P-14292-A,CU-003,automotive,A,4140,grind_with_turning,720,725,mm,3,F-18,8.89,7.56,active,20260106T061500Z-QE24M
P-14300-D,CU-004,automotive,D,4140,grind_with_turning,1750,875,mm,3,F-18,32.82,27.9,active,20260106T061500Z-QE24M
P-14328-A,CU-003,automotive,A,4140,grind_with_turning,750,500,mm,3,F-18,13.01,11.06,active,20260106T061500Z-QE24M
P-14350-D,CU-004,automotive,D,4140,grind_with_turning,3560,1425,mm,3,F-18,11.56,9.83,active,20260106T061500Z-QE24M
P-14363-A,CU-003,automotive,A,4140,grind_with_turning,200,200,mm,3,F-18,20.09,17.08,active,20260106T061500Z-QE24M
P-14371-D,CU-004,automotive,D,4140,grind_with_turning,3150,1575,mm,3,F-18,15.07,12.81,active,20260106T061500Z-QE24M
P-14384-D,CU-003,automotive,D,4140,grind_with_turning,790,525,mm,3,F-18,16.92,14.38,active,20260106T061500Z-QE24M
P-14391-C,CU-004,automotive,C,4140,grind_with_turning,600,600,mm,3,F-18,9.37,7.96,active,20260106T061500Z-QE24M
P-14401-A,CU-003,automotive,A,4140,grind_with_turning,1750,1750,mm,3,F-18,18.42,15.66,active,20260106T061500Z-QE24M
P-14421-C,CU-004,automotive,C,4140,grind_with_turning,1350,675,mm,3,F-18,15.31,13.01,active,20260106T061500Z-QE24M
P-14438-A,CU-003,automotive,A,4140,grind_with_turning,1020,1025,mm,3,F-18,16.76,14.25,active,20260106T061500Z-QE24M
P-14457-C,CU-004,automotive,C,4140,grind_with_turning,1200,1200,mm,3,F-18,20.1,17.08,active,20260106T061500Z-QE24M
P-14462-A,CU-038,industrial,A,316,swiss,2360,675,mm,,F-19,10.97,9.32,active,20260106T061500Z-QE24M
P-14473-A,CU-039,industrial,A,316,swiss,1460,975,mm,,F-19,20.45,17.38,active,20260106T061500Z-QE24M
P-14485-A,CU-038,industrial,A,316,swiss,1150,1150,mm,,F-19,7.63,6.49,active,20260106T061500Z-QE24M
P-14499-A,CU-039,industrial,A,316,swiss,1720,1150,mm,,F-19,12.29,10.45,active,20260106T061500Z-QE24M
P-14521-C,CU-038,industrial,C,316,swiss,3820,2550,mm,,F-19,12.02,10.22,active,20260106T061500Z-QE24M
P-14524-A,CU-039,industrial,A,316,swiss,7880,2625,mm,,F-19,57.82,49.15,active,20260106T061500Z-QE24M
P-14530-A,CU-038,industrial,A,316,swiss,590,1175,mm,,F-19,24.74,21.03,active,20260106T061500Z-QE24M
P-14548-D,CU-039,industrial,D,316,swiss,5890,3925,mm,,F-19,13.53,11.5,active,20260106T061500Z-QE24M
P-14566-D,CU-038,industrial,D,316,swiss,550,550,mm,,F-19,20.4,17.34,active,20260106T061500Z-QE24M
P-14574-C,CU-039,industrial,C,316,swiss,550,550,mm,,F-19,34.12,29.0,active,20260106T061500Z-QE24M
P-14587-C,CU-038,industrial,C,316,swiss,3300,2200,mm,,F-19,23.48,19.96,active,20260106T061500Z-QE24M
P-14612-C,CU-039,industrial,C,316,swiss,380,375,mm,,F-19,13.99,11.89,active,20260106T061500Z-QE24M
P-14629-A,CU-038,industrial,A,316,swiss,1250,625,mm,,F-19,17.47,14.85,active,20260106T061500Z-QE24M
P-14656-A,CU-039,industrial,A,316,swiss,1010,2025,mm,,F-19,16.74,14.23,active,20260106T061500Z-QE24M
P-14681-B,CU-038,industrial,B,316,swiss,2320,775,mm,,F-19,24.77,21.05,active,20260106T061500Z-QE24M
P-14693-A,CU-039,industrial,A,316,swiss,3150,1575,mm,,F-19,15.87,13.49,active,20260106T061500Z-QE24M
P-14707-A,CU-038,industrial,A,316,swiss,750,750,mm,,F-19,25.25,21.46,active,20260106T061500Z-QE24M
P-14715-D,CU-019,aerospace,D,304,swiss,640,425,mm,,F-20,33.64,28.59,active,20260106T061500Z-QE24M
P-14719-A,CU-020,aerospace,A,304,swiss,3250,1300,mm,,F-20,77.81,66.14,active,20260106T061500Z-QE24M
P-14746-D,CU-019,aerospace,D,304,swiss,1910,1275,mm,,F-20,39.94,33.95,active,20260106T061500Z-QE24M
P-14762-C,CU-020,aerospace,C,304,swiss,790,525,mm,,F-20,14.96,12.72,active,20260106T061500Z-QE24M
P-14773-A,CU-019,aerospace,A,304,swiss,2500,1000,mm,,F-20,50.76,43.15,active,20260106T061500Z-QE24M
P-14795-A,CU-020,aerospace,A,304,swiss,910,1825,mm,,F-20,59.57,50.63,active,20260106T061500Z-QE24M
P-14808-C,CU-019,aerospace,C,304,swiss,440,875,mm,,F-20,58.4,49.64,active,20260106T061500Z-QE24M
P-14811-C,CU-020,aerospace,C,304,swiss,1010,675,mm,,F-20,41.98,35.68,active,20260106T061500Z-QE24M
P-14819-A,CU-019,aerospace,A,304,swiss,2180,1450,mm,,F-20,48.83,41.51,active,20260106T061500Z-QE24M
P-14827-C,CU-020,aerospace,C,304,swiss,400,400,mm,,F-20,52.4,44.54,active,20260106T061500Z-QE24M
P-14843-C,CU-019,aerospace,C,304,swiss,300,300,mm,,F-20,53.07,45.11,active,20260106T061500Z-QE24M
P-14855-D,CU-020,aerospace,D,304,swiss,1280,1275,mm,,F-20,40.2,34.17,active,20260106T061500Z-QE24M
P-14859-A,CU-019,aerospace,A,304,swiss,1800,900,mm,,F-20,61.12,51.95,active,20260106T061500Z-QE24M
P-14869-A,CU-020,aerospace,A,304,swiss,2220,2225,mm,,F-20,33.65,28.6,active,20260106T061500Z-QE24M
P-14872-A,CU-019,aerospace,A,304,swiss,520,525,mm,,F-20,25.31,21.51,active,20260106T061500Z-QE24M
P-14885-D,CU-020,aerospace,D,304,swiss,1200,400,mm,,F-20,32.23,27.4,active,20260106T061500Z-QE24M
P-14909-A,CU-019,aerospace,A,304,swiss,2200,1100,mm,,F-20,44.05,37.44,active,20260106T061500Z-QE24M
P-14918-A,CU-009,automotive,A,8620,multi_axis_turn,11200,1600,mm,3,F-21,9.39,7.98,active,20260106T061500Z-QE24M
P-14928-A,CU-010,automotive,A,8620,multi_axis_turn,10500,1500,mm,3,F-21,11.35,9.65,active,20260106T061500Z-QE24M
P-14952-A,CU-009,automotive,A,8620,multi_axis_turn,9620,1375,mm,3,F-21,9.48,8.06,active,20260106T061500Z-QE24M
P-14966-D,CU-010,automotive,D,8620,multi_axis_turn,9620,1375,mm,3,F-21,26.15,22.23,active,20260106T061500Z-QE24M
P-14989-D,CU-009,automotive,D,8620,multi_axis_turn,9450,1350,mm,3,F-21,30.11,25.59,active,20260106T061500Z-QE24M
P-14992-A,CU-010,automotive,A,8620,multi_axis_turn,11380,1625,mm,3,F-21,8.95,7.61,active,20260106T061500Z-QE24M
P-15009-A,CU-011,automotive,A,8620,swiss,4540,3025,mm,3,F-22,14.36,12.21,active,20260106T061500Z-QE24M
P-15035-A,CU-012,automotive,A,8620,swiss,680,225,mm,3,F-22,18.5,15.72,active,20260106T061500Z-QE24M
P-15057-A,CU-011,automotive,A,8620,swiss,3750,1500,mm,3,F-22,25.13,21.36,active,20260106T061500Z-QE24M
P-15083-A,CU-012,automotive,A,8620,swiss,1350,900,mm,3,F-22,5.9,5.02,active,20260106T061500Z-QE24M
P-15099-A,CU-011,automotive,A,8620,swiss,2360,1575,mm,3,F-22,8.67,7.37,active,20260106T061500Z-QE24M
P-15123-A,CU-012,automotive,A,8620,swiss,350,350,mm,3,F-22,31.85,27.07,active,20260106T061500Z-QE24M
P-15133-B,CU-011,automotive,B,8620,swiss,820,825,mm,3,F-22,14.35,12.2,active,20260106T061500Z-QE24M
P-15142-A,CU-012,automotive,A,8620,swiss,2650,1325,mm,3,F-22,18.8,15.98,active,20260106T061500Z-QE24M
P-15156-A,CU-011,automotive,A,8620,swiss,1420,950,mm,3,F-22,26.27,22.33,active,20260106T061500Z-QE24M
P-15181-A,CU-012,automotive,A,8620,swiss,2620,1750,mm,3,F-22,14.34,12.19,active,20260106T061500Z-QE24M
P-15200-C,CU-011,automotive,C,8620,swiss,2800,1400,mm,3,F-22,15.43,13.12,active,20260106T061500Z-QE24M
P-15206-A,CU-012,automotive,A,8620,swiss,500,200,mm,3,F-22,7.09,6.03,active,20260106T061500Z-QE24M
P-15211-C,CU-011,automotive,C,8620,swiss,3050,1525,mm,3,F-22,8.63,7.34,active,20260106T061500Z-QE24M
P-15234-A,CU-012,automotive,A,8620,swiss,350,700,mm,3,F-22,29.78,25.31,active,20260106T061500Z-QE24M
P-15261-A,CU-011,automotive,A,8620,swiss,2060,825,mm,3,F-22,13.31,11.31,active,20260106T061500Z-QE24M
P-15270-A,CU-012,automotive,A,8620,swiss,2750,1375,mm,3,F-22,7.47,6.35,active,20260106T061500Z-QE24M
P-15298-A,CU-035,industrial,A,304,swiss,1720,575,mm,,F-23,21.81,18.54,active,20260106T061500Z-QE24M
P-15324-C,CU-036,industrial,C,304,swiss,100,200,mm,,F-23,28.16,23.94,active,20260106T061500Z-QE24M
P-15347-C,CU-035,industrial,C,304,swiss,2380,2375,mm,,F-23,19.89,16.91,active,20260106T061500Z-QE24M
P-15362-C,CU-036,industrial,C,304,swiss,1000,500,mm,,F-23,4.56,3.88,active,20260106T061500Z-QE24M
P-15367-A,CU-035,industrial,A,304,swiss,1160,775,mm,,F-23,9.72,8.26,active,20260106T061500Z-QE24M
P-15372-B,CU-036,industrial,B,304,swiss,300,300,mm,,F-23,17.81,15.14,active,20260106T061500Z-QE24M
P-15376-A,CU-035,industrial,A,304,swiss,920,925,mm,,F-23,23.79,20.22,active,20260106T061500Z-QE24M
P-15382-A,CU-036,industrial,A,304,swiss,1350,900,mm,,F-23,18.81,15.99,active,20260106T061500Z-QE24M
P-15401-A,CU-035,industrial,A,304,swiss,1950,975,mm,,F-23,16.3,13.86,active,20260106T061500Z-QE24M
P-15419-B,CU-036,industrial,B,304,swiss,660,1325,mm,,F-23,14.88,12.65,active,20260106T061500Z-QE24M
P-15438-D,CU-035,industrial,D,304,swiss,790,525,mm,,F-23,11.95,10.16,active,20260106T061500Z-QE24M
P-15450-B,CU-036,industrial,B,304,swiss,3080,2050,mm,,F-23,18.61,15.82,active,20260106T061500Z-QE24M
P-15468-C,CU-035,industrial,C,304,swiss,1110,2225,mm,,F-23,28.73,24.42,active,20260106T061500Z-QE24M
P-15489-A,CU-036,industrial,A,304,swiss,1760,1175,mm,,F-23,21.3,18.1,active,20260106T061500Z-QE24M
P-15511-A,CU-035,industrial,A,304,swiss,400,800,mm,,F-23,12.8,10.88,active,20260106T061500Z-QE24M
P-15524-A,CU-036,industrial,A,304,swiss,500,500,mm,,F-23,7.18,6.1,active,20260106T061500Z-QE24M
P-15532-C,CU-035,industrial,C,304,swiss,2450,2450,mm,,F-23,13.46,11.44,active,20260106T061500Z-QE24M
P-15552-A,CU-037,industrial,A,303,grind_with_turning,680,1350,mm,,F-24,20.91,17.77,active,20260106T061500Z-QE24M
P-15564-A,CU-038,industrial,A,303,grind_with_turning,520,525,mm,,F-24,12.65,10.75,active,20260106T061500Z-QE24M
P-15577-C,CU-037,industrial,C,303,grind_with_turning,1420,950,mm,,F-24,27.09,23.03,active,20260106T061500Z-QE24M
P-15589-C,CU-038,industrial,C,303,grind_with_turning,500,500,mm,,F-24,19.54,16.61,active,20260106T061500Z-QE24M
P-15615-C,CU-037,industrial,C,303,grind_with_turning,3120,1250,mm,,F-24,10.06,8.55,active,20260106T061500Z-QE24M
P-15642-A,CU-038,industrial,A,303,grind_with_turning,1690,675,mm,,F-24,14.8,12.58,active,20260106T061500Z-QE24M
P-15662-A,CU-037,industrial,A,303,grind_with_turning,560,375,mm,,F-24,21.19,18.01,active,20260106T061500Z-QE24M
P-15667-C,CU-038,industrial,C,303,grind_with_turning,600,600,mm,,F-24,7.51,6.38,active,20260106T061500Z-QE24M
P-15681-A,CU-037,industrial,A,303,grind_with_turning,400,400,mm,,F-24,25.18,21.4,active,20260106T061500Z-QE24M
P-15697-A,CU-038,industrial,A,303,grind_with_turning,900,600,mm,,F-24,14.34,12.19,active,20260106T061500Z-QE24M
P-15701-A,CU-037,industrial,A,303,grind_with_turning,1040,2075,mm,,F-24,22.03,18.73,active,20260106T061500Z-QE24M
P-15723-A,CU-038,industrial,A,303,grind_with_turning,3450,1725,mm,,F-24,11.68,9.93,active,20260106T061500Z-QE24M
P-15742-C,CU-037,industrial,C,303,grind_with_turning,600,200,mm,,F-24,40.63,34.54,active,20260106T061500Z-QE24M
P-15763-A,CU-038,industrial,A,303,grind_with_turning,3200,1600,mm,,F-24,18.75,15.94,active,20260106T061500Z-QE24M
P-15789-B,CU-037,industrial,B,303,grind_with_turning,2450,1225,mm,,F-24,9.39,7.98,active,20260106T061500Z-QE24M
P-15814-B,CU-038,industrial,B,303,grind_with_turning,1810,3625,mm,,F-24,24.88,21.15,active,20260106T061500Z-QE24M
P-15839-B,CU-037,industrial,B,303,grind_with_turning,750,500,mm,,F-24,19.47,16.55,active,20260106T061500Z-QE24M
P-15861-B,CU-029,medical,B,304,mill,7100,3550,mm,,F-25,43.93,37.34,active,20260106T061500Z-QE24M
P-15885-A,CU-030,medical,A,304,mill,1880,750,mm,,F-25,28.53,24.25,active,20260106T061500Z-QE24M
P-15905-D,CU-029,medical,D,304,mill,1200,800,mm,,F-25,36.8,31.28,active,20260106T061500Z-QE24M
P-15926-A,CU-030,medical,A,304,mill,850,850,mm,,F-25,35.17,29.89,active,20260106T061500Z-QE24M
P-15949-A,CU-029,medical,A,304,mill,790,1575,mm,,F-25,27.27,23.18,active,20260106T061500Z-QE24M
P-15977-A,CU-030,medical,A,304,mill,750,500,mm,,F-25,48.49,41.22,active,20260106T061500Z-QE24M
P-15986-A,CU-029,medical,A,304,mill,2690,1075,mm,,F-25,71.35,60.65,active,20260106T061500Z-QE24M
P-16001-D,CU-030,medical,D,304,mill,2140,1425,mm,,F-25,18.78,15.96,active,20260106T061500Z-QE24M
P-16016-A,CU-029,medical,A,304,mill,650,325,mm,,F-25,41.36,35.16,active,20260106T061500Z-QE24M
P-16034-D,CU-030,medical,D,304,mill,4650,1550,mm,,F-25,65.33,55.53,active,20260106T061500Z-QE24M
P-16056-D,CU-029,medical,D,304,mill,1240,825,mm,,F-25,40.64,34.54,active,20260106T061500Z-QE24M
P-16080-A,CU-030,medical,A,304,mill,320,325,mm,,F-25,62.99,53.54,active,20260106T061500Z-QE24M
P-16107-A,CU-029,medical,A,304,mill,4200,1400,mm,,F-25,30.5,25.92,active,20260106T061500Z-QE24M
P-16128-A,CU-030,medical,A,304,mill,1390,925,mm,,F-25,37.96,32.27,active,20260106T061500Z-QE24M
P-16147-A,CU-029,medical,A,304,mill,2190,875,mm,,F-25,12.35,10.5,active,20260106T061500Z-QE24M
P-16150-B,CU-030,medical,B,304,mill,1400,700,mm,,F-25,18.88,16.05,active,20260106T061500Z-QE24M
P-16156-A,CU-029,medical,A,304,mill,560,1125,mm,,F-25,21.12,17.95,active,20260106T061500Z-QE24M
P-16180-A,CU-041,industrial,A,316,multi_axis_turn,22000,800,mm,,F-26,12.93,10.99,active,20260106T061500Z-QE24M
P-16183-C,CU-042,industrial,C,316,multi_axis_turn,2450,1225,mm,,F-26,18.96,16.12,active,20260106T061500Z-QE24M
P-16209-A,CU-041,industrial,A,316,multi_axis_turn,3400,1700,mm,,F-26,20.45,17.38,active,20260106T061500Z-QE24M
P-16219-B,CU-042,industrial,B,316,multi_axis_turn,2300,1150,mm,,F-26,19.55,16.62,active,20260106T061500Z-QE24M
P-16229-A,CU-041,industrial,A,316,multi_axis_turn,5150,2575,mm,,F-26,23.53,20.0,active,20260106T061500Z-QE24M
P-16234-A,CU-042,industrial,A,316,multi_axis_turn,1950,975,mm,,F-26,39.92,33.93,active,20260106T061500Z-QE24M
P-16237-A,CU-041,industrial,A,316,multi_axis_turn,4500,2250,mm,,F-26,12.85,10.92,active,20260106T061500Z-QE24M
P-16263-A,CU-042,industrial,A,316,multi_axis_turn,3150,1575,mm,,F-26,31.55,26.82,active,20260106T061500Z-QE24M
P-16272-A,CU-005,automotive,A,303,multi_axis_turn,1300,650,mm,3,F-27,12.72,10.81,active,20260106T061500Z-QE24M
P-16282-A,CU-006,automotive,A,303,multi_axis_turn,2050,1025,mm,3,F-27,17.31,14.71,active,20260106T061500Z-QE24M
P-16289-C,CU-005,automotive,C,303,multi_axis_turn,1680,1675,mm,3,F-27,10.65,9.05,active,20260106T061500Z-QE24M
P-16312-A,CU-006,automotive,A,303,multi_axis_turn,2420,2425,mm,3,F-27,12.12,10.3,active,20260106T061500Z-QE24M
P-16316-C,CU-005,automotive,C,303,multi_axis_turn,5890,3925,mm,3,F-27,18.04,15.33,active,20260106T061500Z-QE24M
P-16335-A,CU-006,automotive,A,303,multi_axis_turn,450,300,mm,3,F-27,20.08,17.07,active,20260106T061500Z-QE24M
P-16348-A,CU-005,automotive,A,303,multi_axis_turn,200,400,mm,3,F-27,15.44,13.12,active,20260106T061500Z-QE24M
P-16352-D,CU-006,automotive,D,303,multi_axis_turn,3810,1525,mm,3,F-27,15.23,12.95,active,20260106T061500Z-QE24M
P-16366-D,CU-005,automotive,D,303,multi_axis_turn,850,850,mm,3,F-27,20.28,17.24,active,20260106T061500Z-QE24M
P-16385-A,CU-006,automotive,A,303,multi_axis_turn,1500,600,mm,3,F-27,12.99,11.04,active,20260106T061500Z-QE24M
P-16403-B,CU-005,automotive,B,303,multi_axis_turn,820,825,mm,3,F-27,17.04,14.48,active,20260106T061500Z-QE24M
P-16423-C,CU-006,automotive,C,303,multi_axis_turn,900,900,mm,3,F-27,15.62,13.28,active,20260106T061500Z-QE24M
P-16451-A,CU-005,automotive,A,303,multi_axis_turn,3410,2275,mm,3,F-27,14.13,12.01,active,20260106T061500Z-QE24M
P-16464-B,CU-006,automotive,B,303,multi_axis_turn,780,775,mm,3,F-27,26.72,22.71,active,20260106T061500Z-QE24M
P-16473-D,CU-005,automotive,D,303,multi_axis_turn,1090,725,mm,3,F-27,19.42,16.51,active,20260106T061500Z-QE24M
P-16499-A,CU-006,automotive,A,303,multi_axis_turn,1990,1325,mm,3,F-27,29.12,24.75,active,20260106T061500Z-QE24M
P-16524-A,CU-007,automotive,A,303,mill,1700,1700,mm,3,F-28,24.62,20.93,active,20260106T061500Z-QE24M
P-16548-D,CU-008,automotive,D,303,mill,1080,2150,mm,3,F-28,12.52,10.64,active,20260106T061500Z-QE24M
P-16567-A,CU-007,automotive,A,303,mill,3500,3500,mm,3,F-28,14.48,12.31,active,20260106T061500Z-QE24M
P-16571-D,CU-008,automotive,D,303,mill,2000,1000,mm,3,F-28,7.21,6.13,active,20260106T061500Z-QE24M
P-16596-C,CU-007,automotive,C,303,mill,520,350,mm,3,F-28,16.49,14.02,active,20260106T061500Z-QE24M
P-16605-A,CU-008,automotive,A,303,mill,4400,4400,mm,3,F-28,20.08,17.07,active,20260106T061500Z-QE24M
P-16616-D,CU-007,automotive,D,303,mill,910,1825,mm,3,F-28,9.62,8.18,active,20260106T061500Z-QE24M
P-16637-A,CU-008,automotive,A,303,mill,1190,475,mm,3,F-28,15.68,13.33,active,20260106T061500Z-QE24M
P-16645-A,CU-007,automotive,A,303,mill,2000,800,mm,3,F-28,8.33,7.08,active,20260106T061500Z-QE24M
P-16652-A,CU-008,automotive,A,303,mill,1990,1325,mm,3,F-28,23.57,20.03,active,20260106T061500Z-QE24M
P-16665-D,CU-007,automotive,D,303,mill,1880,1250,mm,3,F-28,12.01,10.21,active,20260106T061500Z-QE24M
P-16688-C,CU-008,automotive,C,303,mill,1280,1275,mm,3,F-28,13.63,11.59,active,20260106T061500Z-QE24M
P-16715-A,CU-007,automotive,A,303,mill,1880,1250,mm,3,F-28,17.24,14.65,active,20260106T061500Z-QE24M
P-16721-B,CU-008,automotive,B,303,mill,620,625,mm,3,F-28,8.81,7.49,active,20260106T061500Z-QE24M
P-16727-A,CU-007,automotive,A,303,mill,600,1200,mm,3,F-28,6.29,5.35,active,20260106T061500Z-QE24M
P-16751-A,CU-008,automotive,A,303,mill,3260,2175,mm,3,F-28,28.37,24.11,active,20260106T061500Z-QE24M
P-16760-D,CU-009,automotive,D,4140,mill,1250,625,mm,3,F-29,8.36,7.11,active,20260106T061500Z-QE24M
P-16788-A,CU-010,automotive,A,4140,mill,380,375,mm,3,F-29,11.93,10.14,active,20260106T061500Z-QE24M
P-16813-B,CU-009,automotive,B,4140,mill,380,750,mm,3,F-29,8.72,7.41,active,20260106T061500Z-QE24M
P-16831-C,CU-010,automotive,C,4140,mill,1310,525,mm,3,F-29,17.22,14.64,active,20260106T061500Z-QE24M
P-16839-B,CU-009,automotive,B,4140,mill,5400,2700,mm,3,F-29,12.89,10.96,active,20260106T061500Z-QE24M
P-16860-C,CU-010,automotive,C,4140,mill,2500,2500,mm,3,F-29,22.3,18.96,active,20260106T061500Z-QE24M
P-16863-B,CU-009,automotive,B,4140,mill,1550,775,mm,3,F-29,6.85,5.82,active,20260106T061500Z-QE24M
P-16870-A,CU-010,automotive,A,4140,mill,810,325,mm,3,F-29,13.33,11.33,active,20260106T061500Z-QE24M
P-16887-A,CU-009,automotive,A,4140,mill,1200,800,mm,3,F-29,20.2,17.17,active,20260106T061500Z-QE24M
P-16900-D,CU-010,automotive,D,4140,mill,5000,2000,mm,3,F-29,19.12,16.25,active,20260106T061500Z-QE24M
P-16903-B,CU-009,automotive,B,4140,mill,1420,950,mm,3,F-29,12.95,11.01,active,20260106T061500Z-QE24M
P-16912-A,CU-010,automotive,A,4140,mill,750,750,mm,3,F-29,15.99,13.59,active,20260106T061500Z-QE24M
P-16933-A,CU-009,automotive,A,4140,mill,2440,975,mm,3,F-29,20.85,17.72,active,20260106T061500Z-QE24M
P-16953-D,CU-010,automotive,D,4140,mill,700,700,mm,3,F-29,22.31,18.96,active,20260106T061500Z-QE24M
P-16971-B,CU-009,automotive,B,4140,mill,790,525,mm,3,F-29,19.03,16.18,active,20260106T061500Z-QE24M
P-16995-D,CU-010,automotive,D,4140,mill,810,1625,mm,3,F-29,10.66,9.06,active,20260106T061500Z-QE24M
P-17004-D,CU-033,medical,D,316,swiss,10000,1000,mm,,F-30,41.86,35.58,active,20260106T061500Z-QE24M
P-17014-A,CU-034,medical,A,316,swiss,10000,1000,mm,,F-30,31.19,26.51,active,20260106T061500Z-QE24M
P-17038-D,CU-033,medical,D,316,swiss,10000,1000,mm,,F-30,39.44,33.52,active,20260106T061500Z-QE24M
P-17046-A,CU-017,aerospace,A,7075,mill,820,550,mm,,F-31,23.65,20.1,active,20260106T061500Z-QE24M
P-17053-A,CU-018,aerospace,A,7075,mill,1500,1000,mm,,F-31,33.27,28.28,active,20260106T061500Z-QE24M
P-17077-A,CU-017,aerospace,A,7075,mill,1310,525,mm,,F-31,60.84,51.71,active,20260106T061500Z-QE24M
P-17087-A,CU-018,aerospace,A,7075,mill,600,300,mm,,F-31,30.45,25.88,active,20260106T061500Z-QE24M
P-17096-D,CU-017,aerospace,D,7075,mill,710,475,mm,,F-31,75.02,63.77,active,20260106T061500Z-QE24M
P-17100-A,CU-018,aerospace,A,7075,mill,1800,1200,mm,,F-31,27.23,23.15,active,20260106T061500Z-QE24M
P-17116-A,CU-017,aerospace,A,7075,mill,1650,1650,mm,,F-31,39.41,33.5,active,20260106T061500Z-QE24M
P-17127-A,CU-018,aerospace,A,7075,mill,880,875,mm,,F-31,61.21,52.03,active,20260106T061500Z-QE24M
P-17131-A,CU-017,aerospace,A,7075,mill,1460,975,mm,,F-31,45.44,38.62,active,20260106T061500Z-QE24M
P-17147-C,CU-018,aerospace,C,7075,mill,1580,1050,mm,,F-31,38.9,33.06,active,20260106T061500Z-QE24M
P-17153-C,CU-017,aerospace,C,7075,mill,1050,700,mm,,F-31,94.4,80.24,active,20260106T061500Z-QE24M
P-17158-A,CU-018,aerospace,A,7075,mill,580,575,mm,,F-31,45.17,38.39,active,20260106T061500Z-QE24M
P-17178-A,CU-017,aerospace,A,7075,mill,2310,925,mm,,F-31,26.5,22.52,active,20260106T061500Z-QE24M
P-17202-A,CU-018,aerospace,A,7075,mill,620,1250,mm,,F-31,45.74,38.88,active,20260106T061500Z-QE24M
P-17220-A,CU-017,aerospace,A,7075,mill,2120,850,mm,,F-31,22.85,19.42,active,20260106T061500Z-QE24M
P-17225-C,CU-018,aerospace,C,7075,mill,640,1275,mm,,F-31,32.66,27.76,active,20260106T061500Z-QE24M
P-17247-D,CU-019,aerospace,D,7075,swiss,750,500,mm,,F-32,16.99,14.44,active,20260106T061500Z-QE24M
P-17255-D,CU-020,aerospace,D,7075,swiss,3380,1350,mm,,F-32,68.32,58.07,active,20260106T061500Z-QE24M
P-17282-B,CU-019,aerospace,B,7075,swiss,520,525,mm,,F-32,50.31,42.76,active,20260106T061500Z-QE24M
P-17287-A,CU-020,aerospace,A,7075,swiss,1690,675,mm,,F-32,50.98,43.33,active,20260106T061500Z-QE24M
P-17312-B,CU-019,aerospace,B,7075,swiss,450,450,mm,,F-32,20.57,17.48,active,20260106T061500Z-QE24M
P-17319-A,CU-020,aerospace,A,7075,swiss,410,275,mm,,F-32,15.65,13.3,active,20260106T061500Z-QE24M
P-17326-D,CU-019,aerospace,D,7075,swiss,3060,1225,mm,,F-32,80.17,68.14,active,20260106T061500Z-QE24M
P-17329-D,CU-020,aerospace,D,7075,swiss,1880,1250,mm,,F-32,27.16,23.09,active,20260106T061500Z-QE24M
P-17335-D,CU-019,aerospace,D,7075,swiss,450,300,mm,,F-32,93.44,79.42,active,20260106T061500Z-QE24M
P-17351-A,CU-020,aerospace,A,7075,swiss,500,500,mm,,F-32,29.18,24.8,active,20260106T061500Z-QE24M
P-17369-A,CU-019,aerospace,A,7075,swiss,980,650,mm,,F-32,29.74,25.28,active,20260106T061500Z-QE24M
P-17389-B,CU-020,aerospace,B,7075,swiss,750,375,mm,,F-32,31.39,26.68,active,20260106T061500Z-QE24M
P-17416-A,CU-019,aerospace,A,7075,swiss,1240,825,mm,,F-32,33.49,28.47,active,20260106T061500Z-QE24M
P-17441-A,CU-020,aerospace,A,7075,swiss,820,825,mm,,F-32,44.21,37.58,active,20260106T061500Z-QE24M
P-17447-A,CU-019,aerospace,A,7075,swiss,2720,2725,mm,,F-32,55.37,47.06,active,20260106T061500Z-QE24M
P-17469-D,CU-020,aerospace,D,7075,swiss,1400,1400,mm,,F-32,59.34,50.44,active,20260106T061500Z-QE24M
P-17474-C,CU-021,aerospace,C,304,swiss,310,625,mm,,F-33,37.95,32.26,active,20260106T061500Z-QE24M
P-17484-A,CU-022,aerospace,A,304,swiss,620,625,mm,,F-33,31.11,26.44,active,20260106T061500Z-QE24M
P-17500-A,CU-021,aerospace,A,304,swiss,3820,1275,mm,,F-33,41.3,35.1,active,20260106T061500Z-QE24M
P-17509-D,CU-022,aerospace,D,304,swiss,520,525,mm,,F-33,24.12,20.5,active,20260106T061500Z-QE24M
P-17532-A,CU-021,aerospace,A,304,swiss,1500,750,mm,,F-33,23.41,19.9,active,20260106T061500Z-QE24M
P-17559-B,CU-022,aerospace,B,304,swiss,300,300,mm,,F-33,21.31,18.11,active,20260106T061500Z-QE24M
P-17582-A,CU-021,aerospace,A,304,swiss,4910,3275,mm,,F-33,29.73,25.27,active,20260106T061500Z-QE24M
P-17609-A,CU-022,aerospace,A,304,swiss,950,475,mm,,F-33,74.66,63.46,active,20260106T061500Z-QE24M
P-17627-A,CU-021,aerospace,A,304,swiss,380,750,mm,,F-33,29.28,24.89,active,20260106T061500Z-QE24M
P-17644-A,CU-022,aerospace,A,304,swiss,820,550,mm,,F-33,59.16,50.29,active,20260106T061500Z-QE24M
P-17672-D,CU-021,aerospace,D,304,swiss,2440,1625,mm,,F-33,48.13,40.91,active,20260106T061500Z-QE24M
P-17684-D,CU-022,aerospace,D,304,swiss,550,550,mm,,F-33,43.46,36.94,active,20260106T061500Z-QE24M
P-17707-D,CU-021,aerospace,D,304,swiss,2700,1800,mm,,F-33,37.02,31.47,active,20260106T061500Z-QE24M
P-17732-C,CU-022,aerospace,C,304,swiss,4200,1200,mm,,F-33,59.08,50.22,active,20260106T061500Z-QE24M
P-17741-A,CU-021,aerospace,A,304,swiss,1900,950,mm,,F-33,21.04,17.88,active,20260106T061500Z-QE24M
P-17751-B,CU-022,aerospace,B,304,swiss,1650,1100,mm,,F-33,20.18,17.15,active,20260106T061500Z-QE24M
P-17764-A,CU-029,medical,A,17-4,swiss,1090,725,mm,,F-34,37.61,31.97,active,20260106T061500Z-QE24M
P-17784-A,CU-030,medical,A,17-4,swiss,490,325,mm,,F-34,35.97,30.57,active,20260106T061500Z-QE24M
P-17789-B,CU-029,medical,B,17-4,swiss,3000,2000,mm,,F-34,60.43,51.37,active,20260106T061500Z-QE24M
P-17795-A,CU-030,medical,A,17-4,swiss,10000,5000,mm,,F-34,28.32,24.07,active,20260106T061500Z-QE24M
P-17814-A,CU-029,medical,A,17-4,swiss,190,375,mm,,F-34,78.67,66.87,active,20260106T061500Z-QE24M
P-17841-B,CU-030,medical,B,17-4,swiss,1750,875,mm,,F-34,57.73,49.07,active,20260106T061500Z-QE24M
P-17849-A,CU-029,medical,A,17-4,swiss,2480,1650,mm,,F-34,38.09,32.38,active,20260106T061500Z-QE24M
P-17854-A,CU-030,medical,A,17-4,swiss,780,775,mm,,F-34,32.03,27.23,active,20260106T061500Z-QE24M
P-17881-C,CU-029,medical,C,17-4,swiss,1380,550,mm,,F-34,17.21,14.63,active,20260106T061500Z-QE24M
P-17901-A,CU-030,medical,A,17-4,swiss,1650,1100,mm,,F-34,49.32,41.92,active,20260106T061500Z-QE24M
P-17915-C,CU-029,medical,C,17-4,swiss,450,450,mm,,F-34,30.05,25.54,active,20260106T061500Z-QE24M
P-17934-A,CU-030,medical,A,17-4,swiss,1310,875,mm,,F-34,61.03,51.88,active,20260106T061500Z-QE24M
P-17937-B,CU-029,medical,B,17-4,swiss,1760,1175,mm,,F-34,73.2,62.22,active,20260106T061500Z-QE24M
P-17956-A,CU-030,medical,A,17-4,swiss,680,450,mm,,F-34,28.22,23.99,active,20260106T061500Z-QE24M
P-17974-C,CU-029,medical,C,17-4,swiss,5320,3550,mm,,F-34,18.8,15.98,active,20260106T061500Z-QE24M
P-17995-A,CU-030,medical,A,17-4,swiss,410,825,mm,,F-34,21.96,18.67,active,20260106T061500Z-QE24M
P-18023-B,CU-037,industrial,B,1045,grind_with_turning,900,600,mm,,F-35,37.34,31.74,active,20260106T061500Z-QE24M
P-18035-B,CU-038,industrial,B,1045,grind_with_turning,790,525,mm,,F-35,15.97,13.57,active,20260106T061500Z-QE24M
P-18051-D,CU-037,industrial,D,1045,grind_with_turning,2560,1025,mm,,F-35,17.8,15.13,active,20260106T061500Z-QE24M
P-18065-A,CU-038,industrial,A,1045,grind_with_turning,2350,1175,mm,,F-35,8.29,7.05,active,20260106T061500Z-QE24M
P-18079-A,CU-037,industrial,A,1045,grind_with_turning,1400,1400,mm,,F-35,27.96,23.77,active,20260106T061500Z-QE24M
P-18084-D,CU-038,industrial,D,1045,grind_with_turning,310,625,mm,,F-35,9.9,8.42,active,20260106T061500Z-QE24M
P-18087-D,CU-037,industrial,D,1045,grind_with_turning,1650,1100,mm,,F-35,17.28,14.69,active,20260106T061500Z-QE24M
P-18106-D,CU-038,industrial,D,1045,grind_with_turning,1420,950,mm,,F-35,11.58,9.84,active,20260106T061500Z-QE24M
P-18115-C,CU-037,industrial,C,1045,grind_with_turning,3080,1025,mm,,F-35,15.58,13.24,active,20260106T061500Z-QE24M
P-18136-D,CU-038,industrial,D,1045,grind_with_turning,1090,725,mm,,F-35,17.04,14.48,active,20260106T061500Z-QE24M
P-18143-B,CU-037,industrial,B,1045,grind_with_turning,2600,1300,mm,,F-35,18.74,15.93,active,20260106T061500Z-QE24M
P-18153-B,CU-038,industrial,B,1045,grind_with_turning,1250,625,mm,,F-35,15.38,13.07,active,20260106T061500Z-QE24M
P-18156-A,CU-037,industrial,A,1045,grind_with_turning,700,1400,mm,,F-35,17.28,14.69,active,20260106T061500Z-QE24M
P-18159-A,CU-038,industrial,A,1045,grind_with_turning,2510,1675,mm,,F-35,15.17,12.89,active,20260106T061500Z-QE24M
P-18165-B,CU-037,industrial,B,1045,grind_with_turning,360,725,mm,,F-35,10.85,9.22,active,20260106T061500Z-QE24M
P-18180-D,CU-038,industrial,D,1045,grind_with_turning,1250,625,mm,,F-35,17.28,14.69,active,20260106T061500Z-QE24M
P-18202-A,CU-007,automotive,A,8620,multi_axis_turn,750,500,mm,3,F-36,11.59,9.85,active,20260106T061500Z-QE24M
P-18210-D,CU-008,automotive,D,8620,multi_axis_turn,2590,1725,mm,3,F-36,36.78,31.26,active,20260106T061500Z-QE24M
P-18234-B,CU-007,automotive,B,8620,multi_axis_turn,2050,1025,mm,3,F-36,21.98,18.68,active,20260106T061500Z-QE24M
P-18251-A,CU-008,automotive,A,8620,multi_axis_turn,1460,975,mm,3,F-36,21.7,18.44,active,20260106T061500Z-QE24M
P-18269-B,CU-007,automotive,B,8620,multi_axis_turn,490,975,mm,3,F-36,11.33,9.63,active,20260106T061500Z-QE24M
P-18293-A,CU-008,automotive,A,8620,multi_axis_turn,640,425,mm,3,F-36,8.34,7.09,active,20260106T061500Z-QE24M
P-18315-A,CU-007,automotive,A,8620,multi_axis_turn,2510,1675,mm,3,F-36,6.8,5.78,active,20260106T061500Z-QE24M
P-18327-D,CU-008,automotive,D,8620,multi_axis_turn,1550,1550,mm,3,F-36,16.98,14.43,active,20260106T061500Z-QE24M
P-18338-C,CU-007,automotive,C,8620,multi_axis_turn,1460,975,mm,3,F-36,6.88,5.85,active,20260106T061500Z-QE24M
P-18347-A,CU-008,automotive,A,8620,multi_axis_turn,3080,2050,mm,3,F-36,33.01,28.06,active,20260106T061500Z-QE24M
P-18353-B,CU-007,automotive,B,8620,multi_axis_turn,620,625,mm,3,F-36,19.58,16.64,active,20260106T061500Z-QE24M
P-18380-A,CU-008,automotive,A,8620,multi_axis_turn,2450,1225,mm,3,F-36,14.71,12.5,active,20260106T061500Z-QE24M
P-18384-C,CU-007,automotive,C,8620,multi_axis_turn,2620,1050,mm,3,F-36,12.14,10.32,active,20260106T061500Z-QE24M
P-18406-A,CU-008,automotive,A,8620,multi_axis_turn,1320,1325,mm,3,F-36,33.71,28.65,active,20260106T061500Z-QE24M
P-18413-C,CU-007,automotive,C,8620,multi_axis_turn,4060,1625,mm,3,F-36,22.18,18.85,active,20260106T061500Z-QE24M
P-18420-D,CU-008,automotive,D,8620,multi_axis_turn,2500,1000,mm,3,F-36,18.36,15.61,active,20260106T061500Z-QE24M
P-18445-A,CU-041,industrial,A,1018,multi_axis_turn,780,775,mm,,F-37,22.85,19.42,active,20260106T061500Z-QE24M
P-18450-A,CU-042,industrial,A,1018,multi_axis_turn,2450,1225,mm,,F-37,15.18,12.9,active,20260106T061500Z-QE24M
P-18462-A,CU-041,industrial,A,1018,multi_axis_turn,7500,5000,mm,,F-37,17.92,15.23,active,20260106T061500Z-QE24M
P-18471-A,CU-042,industrial,A,1018,multi_axis_turn,480,475,mm,,F-37,14.87,12.64,active,20260106T061500Z-QE24M
P-18488-C,CU-041,industrial,C,1018,multi_axis_turn,2350,1175,mm,,F-37,13.29,11.3,active,20260106T061500Z-QE24M
P-18503-A,CU-042,industrial,A,1018,multi_axis_turn,3950,1975,mm,,F-37,26.78,22.76,active,20260106T061500Z-QE24M
P-18508-A,CU-041,industrial,A,1018,multi_axis_turn,1450,725,mm,,F-37,11.22,9.54,active,20260106T061500Z-QE24M
P-18526-A,CU-042,industrial,A,1018,multi_axis_turn,7000,3500,mm,,F-37,11.91,10.12,active,20260106T061500Z-QE24M
P-18535-A,CU-041,industrial,A,1018,multi_axis_turn,1080,1075,mm,,F-37,18.68,15.88,active,20260106T061500Z-QE24M
P-18556-B,CU-042,industrial,B,1018,multi_axis_turn,490,325,mm,,F-37,15.82,13.45,active,20260106T061500Z-QE24M
P-18566-A,CU-041,industrial,A,1018,multi_axis_turn,1390,925,mm,,F-37,20.18,17.15,active,20260106T061500Z-QE24M
P-18589-A,CU-042,industrial,A,1018,multi_axis_turn,10000,5000,mm,,F-37,24.58,20.89,active,20260106T061500Z-QE24M
P-18604-C,CU-041,industrial,C,1018,multi_axis_turn,3150,1575,mm,,F-37,18.4,15.64,active,20260106T061500Z-QE24M
P-18620-A,CU-042,industrial,A,1018,multi_axis_turn,1850,925,mm,,F-37,17.37,14.76,active,20260106T061500Z-QE24M
P-18628-B,CU-041,industrial,B,1018,multi_axis_turn,1720,1150,mm,,F-37,21.25,18.06,active,20260106T061500Z-QE24M
P-18642-D,CU-042,industrial,D,1018,multi_axis_turn,1250,500,mm,,F-37,11.82,10.05,active,20260106T061500Z-QE24M
P-18650-A,CU-011,automotive,A,4140,multi_axis_turn,380,375,mm,3,F-38,10.85,9.22,active,20260106T061500Z-QE24M
P-18677-D,CU-012,automotive,D,4140,multi_axis_turn,1120,1125,mm,3,F-38,20.65,17.55,active,20260106T061500Z-QE24M
P-18703-A,CU-011,automotive,A,4140,multi_axis_turn,750,750,mm,3,F-38,10.53,8.95,active,20260106T061500Z-QE24M
P-18710-A,CU-012,automotive,A,4140,multi_axis_turn,2140,1425,mm,3,F-38,13.47,11.45,active,20260106T061500Z-QE24M
P-18738-A,CU-011,automotive,A,4140,multi_axis_turn,650,325,mm,3,F-38,5.98,5.08,active,20260106T061500Z-QE24M
P-18757-A,CU-012,automotive,A,4140,multi_axis_turn,280,550,mm,3,F-38,27.43,23.32,active,20260106T061500Z-QE24M
P-18778-A,CU-011,automotive,A,4140,multi_axis_turn,250,250,mm,3,F-38,26.41,22.45,active,20260106T061500Z-QE24M
P-18795-A,CU-012,automotive,A,4140,multi_axis_turn,2850,950,mm,3,F-38,17.52,14.89,active,20260106T061500Z-QE24M
P-18813-A,CU-011,automotive,A,4140,multi_axis_turn,1010,675,mm,3,F-38,23.95,20.36,active,20260106T061500Z-QE24M
P-18824-A,CU-012,automotive,A,4140,multi_axis_turn,620,625,mm,3,F-38,16.32,13.87,active,20260106T061500Z-QE24M
P-18841-A,CU-011,automotive,A,4140,multi_axis_turn,5320,1775,mm,3,F-38,19.23,16.35,active,20260106T061500Z-QE24M
P-18856-A,CU-012,automotive,A,4140,multi_axis_turn,1580,1050,mm,3,F-38,19.6,16.66,active,20260106T061500Z-QE24M
P-18883-A,CU-011,automotive,A,4140,multi_axis_turn,820,825,mm,3,F-38,20.81,17.69,active,20260106T061500Z-QE24M
P-18904-D,CU-012,automotive,D,4140,multi_axis_turn,820,550,mm,3,F-38,32.98,28.03,active,20260106T061500Z-QE24M
P-18914-D,CU-011,automotive,D,4140,multi_axis_turn,1050,1050,mm,3,F-38,28.29,24.05,active,20260106T061500Z-QE24M
P-18940-A,CU-012,automotive,A,4140,multi_axis_turn,1300,650,mm,3,F-38,29.46,25.04,active,20260106T061500Z-QE24M
P-18958-C,CU-045,industrial,C,316,swiss,420,850,mm,,F-39,14.22,12.09,active,20260106T061500Z-QE24M
P-18968-A,CU-035,industrial,A,316,swiss,600,1200,mm,,F-39,21.84,18.56,active,20260106T061500Z-QE24M
P-18978-A,CU-045,industrial,A,316,swiss,310,625,mm,,F-39,46.49,39.52,active,20260106T061500Z-QE24M
P-18988-B,CU-035,industrial,B,316,swiss,1900,950,mm,,F-39,30.55,25.97,active,20260106T061500Z-QE24M
P-19014-A,CU-045,industrial,A,316,swiss,1390,925,mm,,F-39,13.2,11.22,active,20260106T061500Z-QE24M
P-19027-C,CU-035,industrial,C,316,swiss,1020,1025,mm,,F-39,20.38,17.32,active,20260106T061500Z-QE24M
P-19044-A,CU-045,industrial,A,316,swiss,1700,1700,mm,,F-39,19.41,16.5,active,20260106T061500Z-QE24M
P-19059-A,CU-035,industrial,A,316,swiss,950,950,mm,,F-39,14.67,12.47,active,20260106T061500Z-QE24M
P-19072-D,CU-045,industrial,D,316,swiss,3550,1775,mm,,F-39,15.04,12.78,active,20260106T061500Z-QE24M
P-19098-A,CU-035,industrial,A,316,swiss,160,325,mm,,F-39,15.57,13.23,active,20260106T061500Z-QE24M
P-19125-B,CU-045,industrial,B,316,swiss,2500,1000,mm,,F-39,13.7,11.64,active,20260106T061500Z-QE24M
P-19137-C,CU-035,industrial,C,316,swiss,4620,1850,mm,,F-39,18.71,15.9,active,20260106T061500Z-QE24M
P-19165-D,CU-045,industrial,D,316,swiss,900,600,mm,,F-39,41.06,34.9,active,20260106T061500Z-QE24M
P-19192-D,CU-035,industrial,D,316,swiss,820,550,mm,,F-39,10.3,8.76,active,20260106T061500Z-QE24M
P-19209-C,CU-045,industrial,C,316,swiss,810,325,mm,,F-39,32.71,27.8,active,20260106T061500Z-QE24M
P-19228-C,CU-035,industrial,C,316,swiss,800,1600,mm,,F-39,25.97,22.07,active,20260106T061500Z-QE24M
P-19243-A,CU-036,industrial,A,304,multi_axis_turn,380,750,mm,,F-40,9.19,7.81,active,20260106T061500Z-QE24M
P-19271-A,CU-037,industrial,A,304,multi_axis_turn,1180,1175,mm,,F-40,29.6,25.16,active,20260106T061500Z-QE24M
P-19299-A,CU-036,industrial,A,304,multi_axis_turn,6440,2575,mm,,F-40,6.93,5.89,active,20260106T061500Z-QE24M
P-19306-A,CU-037,industrial,A,304,multi_axis_turn,300,600,mm,,F-40,16.04,13.63,active,20260106T061500Z-QE24M
P-19318-A,CU-036,industrial,A,304,multi_axis_turn,2250,1500,mm,,F-40,30.15,25.63,active,20260106T061500Z-QE24M
P-19323-B,CU-037,industrial,B,304,multi_axis_turn,3380,1125,mm,,F-40,16.96,14.42,active,20260106T061500Z-QE24M
P-19343-A,CU-036,industrial,A,304,multi_axis_turn,310,625,mm,,F-40,44.07,37.46,active,20260106T061500Z-QE24M
P-19350-A,CU-037,industrial,A,304,multi_axis_turn,1180,1175,mm,,F-40,9.3,7.9,active,20260106T061500Z-QE24M
P-19370-B,CU-036,industrial,B,304,multi_axis_turn,6000,2000,mm,,F-40,45.53,38.7,active,20260106T061500Z-QE24M
P-19390-A,CU-037,industrial,A,304,multi_axis_turn,1500,1000,mm,,F-40,18.01,15.31,active,20260106T061500Z-QE24M
P-19406-B,CU-036,industrial,B,304,multi_axis_turn,1390,925,mm,,F-40,12.2,10.37,active,20260106T061500Z-QE24M
P-19426-D,CU-037,industrial,D,304,multi_axis_turn,2050,1025,mm,,F-40,12.5,10.62,active,20260106T061500Z-QE24M
P-19433-A,CU-036,industrial,A,304,multi_axis_turn,520,525,mm,,F-40,25.14,21.37,active,20260106T061500Z-QE24M
P-19446-A,CU-037,industrial,A,304,multi_axis_turn,1800,1200,mm,,F-40,8.41,7.15,active,20260106T061500Z-QE24M
P-19449-A,CU-036,industrial,A,304,multi_axis_turn,1650,1650,mm,,F-40,16.72,14.21,active,20260106T061500Z-QE24M
P-19461-D,CU-037,industrial,D,304,multi_axis_turn,1750,700,mm,,F-40,19.3,16.4,active,20260106T061500Z-QE24M
