study_id,AAA-2025-003
study_date,2025-11-18
characteristic,cosmetic surface to visual standard VS-04
inspectors,E-0152 E. Castro; E-0153 K. Novak; E-0154 R. Chen
reference,calls by the quality engineer and the customer's supplier quality engineer
recorded_by,E-0159

inspector,part,trial,run_order,call,reference
E-0152,1,1,27,accept,accept
E-0152,1,2,65,accept,accept
E-0152,2,1,35,reject,reject
E-0152,2,2,58,reject,reject
E-0152,3,1,4,accept,accept
E-0152,3,2,99,accept,accept
E-0152,4,1,44,accept,accept
E-0152,4,2,63,accept,accept
E-0152,5,1,38,accept,accept
E-0152,5,2,67,accept,accept
E-0152,6,1,22,accept,accept
E-0152,6,2,59,accept,accept
E-0152,7,1,11,accept,reject
E-0152,7,2,90,accept,reject
E-0152,8,1,24,accept,accept
E-0152,8,2,80,accept,accept
E-0152,9,1,45,reject,reject
E-0152,9,2,74,reject,reject
E-0152,10,1,6,accept,accept
E-0152,10,2,100,accept,accept
E-0152,11,1,23,reject,reject
E-0152,11,2,69,accept,reject
E-0152,12,1,20,accept,reject
E-0152,12,2,92,accept,reject
E-0152,13,1,5,accept,accept
E-0152,13,2,98,reject,accept
E-0152,14,1,49,accept,accept
E-0152,14,2,68,accept,accept
E-0152,15,1,9,accept,accept
E-0152,15,2,89,accept,accept
E-0152,16,1,39,accept,accept
E-0152,16,2,61,accept,accept
E-0152,17,1,15,accept,accept
E-0152,17,2,95,accept,accept
E-0152,18,1,36,accept,accept
E-0152,18,2,56,accept,accept
E-0152,19,1,29,reject,accept
E-0152,19,2,52,reject,accept
E-0152,20,1,26,accept,reject
E-0152,20,2,76,reject,reject
E-0152,21,1,16,accept,accept
E-0152,21,2,66,accept,accept
E-0152,22,1,48,accept,accept
E-0152,22,2,84,accept,accept
E-0152,23,1,1,accept,accept
E-0152,23,2,87,accept,accept
E-0152,24,1,41,reject,accept
E-0152,24,2,82,reject,accept
E-0152,25,1,43,reject,reject
E-0152,25,2,70,reject,reject
E-0152,26,1,46,accept,accept
E-0152,26,2,72,accept,accept
E-0152,27,1,17,accept,accept
E-0152,27,2,79,accept,accept
E-0152,28,1,34,accept,accept
E-0152,28,2,93,accept,accept
E-0152,29,1,28,accept,accept
E-0152,29,2,57,accept,accept
E-0152,30,1,7,accept,accept
E-0152,30,2,55,accept,accept
E-0152,31,1,18,accept,accept
E-0152,31,2,53,accept,accept
E-0152,32,1,37,accept,accept
E-0152,32,2,96,accept,accept
E-0152,33,1,32,accept,accept
E-0152,33,2,94,accept,accept
E-0152,34,1,12,accept,accept
E-0152,34,2,73,reject,accept
E-0152,35,1,14,accept,accept
E-0152,35,2,91,accept,accept
E-0152,36,1,50,accept,accept
E-0152,36,2,77,accept,accept
E-0152,37,1,8,reject,reject
E-0152,37,2,97,accept,reject
E-0152,38,1,19,reject,accept
E-0152,38,2,85,accept,accept
E-0152,39,1,33,accept,accept
E-0152,39,2,83,accept,accept
E-0152,40,1,21,accept,accept
E-0152,40,2,75,accept,accept
E-0152,41,1,3,accept,accept
E-0152,41,2,64,accept,accept
E-0152,42,1,47,accept,accept
E-0152,42,2,62,accept,accept
E-0152,43,1,30,accept,accept
E-0152,43,2,54,accept,accept
E-0152,44,1,40,accept,accept
E-0152,44,2,86,accept,accept
E-0152,45,1,31,accept,accept
E-0152,45,2,71,accept,accept
E-0152,46,1,13,accept,accept
E-0152,46,2,78,accept,accept
E-0152,47,1,2,accept,accept
E-0152,47,2,60,accept,accept
E-0152,48,1,25,accept,accept
E-0152,48,2,81,accept,accept
E-0152,49,1,42,accept,accept
E-0152,49,2,88,accept,accept
E-0152,50,1,10,accept,accept
E-0152,50,2,51,accept,accept
E-0153,1,1,106,accept,accept
E-0153,1,2,197,accept,accept
E-0153,2,1,142,reject,reject
E-0153,2,2,186,reject,reject
E-0153,3,1,112,accept,accept
E-0153,3,2,163,accept,accept
E-0153,4,1,111,accept,accept
E-0153,4,2,192,accept,accept
E-0153,5,1,141,accept,accept
E-0153,5,2,191,accept,accept
E-0153,6,1,137,accept,accept
E-0153,6,2,159,accept,accept
E-0153,7,1,146,reject,reject
E-0153,7,2,194,reject,reject
E-0153,8,1,140,accept,accept
E-0153,8,2,184,accept,accept
E-0153,9,1,130,reject,reject
E-0153,9,2,199,reject,reject
E-0153,10,1,104,accept,accept
E-0153,10,2,162,accept,accept
E-0153,11,1,108,reject,reject
E-0153,11,2,169,reject,reject
E-0153,12,1,113,reject,reject
E-0153,12,2,173,reject,reject
E-0153,13,1,103,reject,accept
E-0153,13,2,151,reject,accept
E-0153,14,1,138,accept,accept
E-0153,14,2,153,accept,accept
E-0153,15,1,125,accept,accept
E-0153,15,2,166,accept,accept
E-0153,16,1,145,accept,accept
E-0153,16,2,154,accept,accept
E-0153,17,1,118,accept,accept
E-0153,17,2,156,accept,accept
E-0153,18,1,149,accept,accept
E-0153,18,2,195,accept,accept
E-0153,19,1,115,reject,accept
E-0153,19,2,179,accept,accept
E-0153,20,1,116,reject,reject
E-0153,20,2,176,accept,reject
E-0153,21,1,133,accept,accept
E-0153,21,2,168,accept,accept
E-0153,22,1,123,accept,accept
E-0153,22,2,157,accept,accept
E-0153,23,1,147,reject,accept
E-0153,23,2,155,reject,accept
E-0153,24,1,136,reject,accept
E-0153,24,2,196,reject,accept
E-0153,25,1,150,reject,reject
E-0153,25,2,172,reject,reject
E-0153,26,1,102,accept,accept
E-0153,26,2,181,accept,accept
E-0153,27,1,131,accept,accept
E-0153,27,2,178,accept,accept
E-0153,28,1,128,accept,accept
E-0153,28,2,182,accept,accept
E-0153,29,1,122,accept,accept
E-0153,29,2,180,accept,accept
E-0153,30,1,126,accept,accept
E-0153,30,2,171,accept,accept
E-0153,31,1,144,accept,accept
E-0153,31,2,167,accept,accept
E-0153,32,1,143,accept,accept
E-0153,32,2,175,accept,accept
E-0153,33,1,129,accept,accept
E-0153,33,2,188,accept,accept
E-0153,34,1,109,reject,accept
E-0153,34,2,200,reject,accept
E-0153,35,1,134,accept,accept
E-0153,35,2,185,accept,accept
E-0153,36,1,124,accept,accept
E-0153,36,2,164,accept,accept
E-0153,37,1,148,reject,reject
E-0153,37,2,174,reject,reject
E-0153,38,1,132,reject,accept
E-0153,38,2,165,reject,accept
E-0153,39,1,135,accept,accept
E-0153,39,2,190,accept,accept
E-0153,40,1,120,accept,accept
E-0153,40,2,193,accept,accept
E-0153,41,1,139,accept,accept
E-0153,41,2,183,accept,accept
E-0153,42,1,127,accept,accept
E-0153,42,2,160,accept,accept
E-0153,43,1,105,accept,accept
E-0153,43,2,198,accept,accept
E-0153,44,1,119,accept,accept
E-0153,44,2,189,accept,accept
E-0153,45,1,117,accept,accept
E-0153,45,2,170,accept,accept
E-0153,46,1,121,accept,accept
E-0153,46,2,158,accept,accept
E-0153,47,1,114,accept,accept
E-0153,47,2,177,accept,accept
E-0153,48,1,107,accept,accept
E-0153,48,2,161,accept,accept
E-0153,49,1,110,accept,accept
E-0153,49,2,187,accept,accept
E-0153,50,1,101,accept,accept
E-0153,50,2,152,accept,accept
E-0154,1,1,222,accept,accept
E-0154,1,2,288,accept,accept
E-0154,2,1,233,reject,reject
E-0154,2,2,257,reject,reject
E-0154,3,1,240,accept,accept
E-0154,3,2,262,accept,accept
E-0154,4,1,239,accept,accept
E-0154,4,2,277,accept,accept
E-0154,5,1,221,accept,accept
E-0154,5,2,286,accept,accept
E-0154,6,1,215,accept,accept
E-0154,6,2,267,accept,accept
E-0154,7,1,225,accept,reject
E-0154,7,2,266,accept,reject
E-0154,8,1,219,accept,accept
E-0154,8,2,265,accept,accept
E-0154,9,1,208,reject,reject
E-0154,9,2,253,reject,reject
E-0154,10,1,206,accept,accept
E-0154,10,2,275,accept,accept
E-0154,11,1,207,reject,reject
E-0154,11,2,291,accept,reject
E-0154,12,1,214,reject,reject
E-0154,12,2,298,accept,reject
E-0154,13,1,210,reject,accept
E-0154,13,2,279,reject,accept
E-0154,14,1,204,accept,accept
E-0154,14,2,283,accept,accept
E-0154,15,1,229,accept,accept
E-0154,15,2,263,accept,accept
E-0154,16,1,226,accept,accept
E-0154,16,2,273,accept,accept
E-0154,17,1,250,accept,accept
E-0154,17,2,299,accept,accept
E-0154,18,1,227,accept,accept
E-0154,18,2,256,accept,accept
E-0154,19,1,249,accept,accept
E-0154,19,2,258,reject,accept
E-0154,20,1,230,accept,reject
E-0154,20,2,264,reject,reject
E-0154,21,1,246,accept,accept
E-0154,21,2,276,accept,accept
E-0154,22,1,213,accept,accept
E-0154,22,2,268,accept,accept
E-0154,23,1,232,reject,accept
E-0154,23,2,281,accept,accept
E-0154,24,1,235,reject,accept
E-0154,24,2,251,accept,accept
E-0154,25,1,241,reject,reject
E-0154,25,2,272,reject,reject
E-0154,26,1,237,accept,accept
E-0154,26,2,293,accept,accept
E-0154,27,1,234,accept,accept
E-0154,27,2,271,accept,accept
E-0154,28,1,228,accept,accept
E-0154,28,2,287,accept,accept
E-0154,29,1,202,accept,accept
E-0154,29,2,294,accept,accept
E-0154,30,1,238,accept,accept
E-0154,30,2,289,accept,accept
E-0154,31,1,211,accept,accept
E-0154,31,2,285,accept,accept
E-0154,32,1,244,accept,accept
E-0154,32,2,259,accept,accept
E-0154,33,1,220,accept,accept
E-0154,33,2,252,accept,accept
E-0154,34,1,209,reject,accept
E-0154,34,2,282,reject,accept
E-0154,35,1,218,accept,accept
E-0154,35,2,255,accept,accept
E-0154,36,1,245,accept,accept
E-0154,36,2,269,accept,accept
E-0154,37,1,243,accept,reject
E-0154,37,2,274,reject,reject
E-0154,38,1,236,accept,accept
E-0154,38,2,295,accept,accept
E-0154,39,1,216,accept,accept
E-0154,39,2,280,accept,accept
E-0154,40,1,248,accept,accept
E-0154,40,2,284,accept,accept
E-0154,41,1,212,accept,accept
E-0154,41,2,254,accept,accept
E-0154,42,1,242,accept,accept
E-0154,42,2,297,accept,accept
E-0154,43,1,247,accept,accept
E-0154,43,2,270,accept,accept
E-0154,44,1,217,accept,accept
E-0154,44,2,290,accept,accept
E-0154,45,1,205,accept,accept
E-0154,45,2,261,accept,accept
E-0154,46,1,203,accept,accept
E-0154,46,2,260,accept,accept
E-0154,47,1,231,accept,accept
E-0154,47,2,278,accept,accept
E-0154,48,1,223,accept,accept
E-0154,48,2,300,accept,accept
E-0154,49,1,224,accept,accept
E-0154,49,2,292,accept,accept
E-0154,50,1,201,accept,accept
E-0154,50,2,296,accept,accept
