study_id,DOE-2025-002
part,P-16180-A
characteristic,C-16180-28 SURFACE FINISH Ra
material,316 stainless
design,2^(4-1) half fraction; D = ABC; two replicates
response,Ra in micrometres; roughness tester
settings_before,feed 0.20 mm/rev; speed 120 m/min; nose radius 0.4 mm; coolant 6%
recorded_by,E-0160

std_order,run_order,replicate,feed_mm_per_rev,surface_speed_m_per_min,nose_radius_mm,coolant_pct,machine,date,ra_um,confirmation
6,1,1,0.2,120,0.8,6,MT-02,2025-07-15,0.76,0
7,2,1,0.1,180,0.8,6,MT-02,2025-07-15,1.02,0
15,3,2,0.1,180,0.8,6,MT-02,2025-07-15,0.89,0
12,4,2,0.2,180,0.4,6,MT-02,2025-07-15,1.5,0
9,5,2,0.1,120,0.4,6,MT-02,2025-07-15,0.8,0
11,6,2,0.1,180,0.4,10,MT-02,2025-07-15,0.81,0
13,7,2,0.1,120,0.8,10,MT-02,2025-07-15,1.05,0
1,8,1,0.1,120,0.4,6,MT-02,2025-07-15,0.83,0
14,9,2,0.2,120,0.8,6,MT-02,2025-07-16,0.76,0
4,10,1,0.2,180,0.4,6,MT-02,2025-07-16,1.42,0
3,11,1,0.1,180,0.4,10,MT-02,2025-07-16,0.77,0
5,12,1,0.1,120,0.8,10,MT-02,2025-07-16,0.94,0
16,13,2,0.2,180,0.8,10,MT-02,2025-07-16,0.73,0
8,14,1,0.2,180,0.8,10,MT-02,2025-07-16,0.78,0
2,15,1,0.2,120,0.4,10,MT-02,2025-07-16,1.28,0
10,16,2,0.2,120,0.4,10,MT-02,2025-07-16,1.38,0
,17,,0.2,120,0.8,6,MT-02,2025-07-24,0.73,1
,18,,0.2,120,0.8,6,MT-02,2025-07-24,0.74,1
,19,,0.2,120,0.8,6,MT-02,2025-07-24,0.73,1
,20,,0.2,120,0.8,6,MT-02,2025-07-24,0.68,1
