study_id,GRR-2025-012
study_date,2025-11-13
part,P-14918-A
characteristic,C-14918-14 BORE 19.050
gauge,G-0004 air gauge
tolerance_mm,0.05
operators,E-0117 K. Sato; E-0121 M. Petrov; E-0120 G. Eriksen
previous_study,none on file
recorded_by,E-0159

operator,part,trial,run_order,reading
E-0117,1,1,3,19.0565
E-0117,1,2,34,19.0575
E-0117,1,3,63,19.0555
E-0117,2,1,4,19.043
E-0117,2,2,32,19.0425
E-0117,2,3,69,19.043
E-0117,3,1,5,19.0445
E-0117,3,2,39,19.046
E-0117,3,3,67,19.0455
E-0117,4,1,6,19.0475
E-0117,4,2,40,19.048
E-0117,4,3,65,19.048
E-0117,5,1,8,19.0535
E-0117,5,2,37,19.0535
E-0117,5,3,70,19.054
E-0117,6,1,2,19.0495
E-0117,6,2,38,19.0485
E-0117,6,3,62,19.0485
E-0117,7,1,10,19.05
E-0117,7,2,33,19.05
E-0117,7,3,64,19.051
E-0117,8,1,9,19.0535
E-0117,8,2,36,19.0535
E-0117,8,3,61,19.054
E-0117,9,1,1,19.0515
E-0117,9,2,35,19.0515
E-0117,9,3,66,19.052
E-0117,10,1,7,19.0475
E-0117,10,2,31,19.0475
E-0117,10,3,68,19.047
E-0120,1,1,29,19.058
E-0120,1,2,53,19.0565
E-0120,1,3,87,19.056
E-0120,2,1,30,19.0435
E-0120,2,2,58,19.0435
E-0120,2,3,86,19.043
E-0120,3,1,27,19.046
E-0120,3,2,55,19.045
E-0120,3,3,88,19.046
E-0120,4,1,28,19.048
E-0120,4,2,57,19.0485
E-0120,4,3,90,19.0495
E-0120,5,1,26,19.054
E-0120,5,2,51,19.0535
E-0120,5,3,89,19.053
E-0120,6,1,23,19.049
E-0120,6,2,52,19.0505
E-0120,6,3,83,19.0495
E-0120,7,1,24,19.0505
E-0120,7,2,56,19.051
E-0120,7,3,84,19.0505
E-0120,8,1,21,19.055
E-0120,8,2,59,19.0555
E-0120,8,3,85,19.0545
E-0120,9,1,22,19.052
E-0120,9,2,60,19.0515
E-0120,9,3,81,19.0525
E-0120,10,1,25,19.047
E-0120,10,2,54,19.0475
E-0120,10,3,82,19.047
E-0121,1,1,16,19.058
E-0121,1,2,44,19.0575
E-0121,1,3,78,19.0575
E-0121,2,1,18,19.0425
E-0121,2,2,43,19.043
E-0121,2,3,73,19.0425
E-0121,3,1,12,19.0455
E-0121,3,2,49,19.046
E-0121,3,3,74,19.0465
E-0121,4,1,13,19.049
E-0121,4,2,41,19.048
E-0121,4,3,76,19.0485
E-0121,5,1,17,19.053
E-0121,5,2,50,19.0525
E-0121,5,3,79,19.0535
E-0121,6,1,11,19.0495
E-0121,6,2,47,19.049
E-0121,6,3,72,19.05
E-0121,7,1,15,19.05
E-0121,7,2,46,19.051
E-0121,7,3,75,19.051
E-0121,8,1,19,19.0545
E-0121,8,2,42,19.0545
E-0121,8,3,77,19.0545
E-0121,9,1,14,19.0515
E-0121,9,2,45,19.053
E-0121,9,3,80,19.0515
E-0121,10,1,20,19.047
E-0121,10,2,48,19.0475
E-0121,10,3,71,19.0465
